{
  "Alexa::ASK::Skill": "aws-cdk-lib/alexa-ask.CfnSkill",
  "AWS::AccessAnalyzer::Analyzer": "aws-cdk-lib/aws-accessanalyzer.CfnAnalyzer",
  "AWS::ACMPCA::Certificate": "aws-cdk-lib/aws-acmpca.CfnCertificate",
  "AWS::ACMPCA::CertificateAuthority": "aws-cdk-lib/aws-acmpca.CfnCertificateAuthority",
  "AWS::ACMPCA::CertificateAuthorityActivation": "aws-cdk-lib/aws-acmpca.CfnCertificateAuthorityActivation",
  "AWS::ACMPCA::Permission": "aws-cdk-lib/aws-acmpca.CfnPermission",
  "AWS::AmazonMQ::Broker": "aws-cdk-lib/aws-amazonmq.CfnBroker",
  "AWS::AmazonMQ::Configuration": "aws-cdk-lib/aws-amazonmq.CfnConfiguration",
  "AWS::AmazonMQ::ConfigurationAssociation": "aws-cdk-lib/aws-amazonmq.CfnConfigurationAssociation",
  "AWS::Amplify::App": "aws-cdk-lib/aws-amplify.CfnApp",
  "AWS::Amplify::Branch": "aws-cdk-lib/aws-amplify.CfnBranch",
  "AWS::Amplify::Domain": "aws-cdk-lib/aws-amplify.CfnDomain",
  "AWS::AmplifyUIBuilder::Component": "aws-cdk-lib/aws-amplifyuibuilder.CfnComponent",
  "AWS::AmplifyUIBuilder::Theme": "aws-cdk-lib/aws-amplifyuibuilder.CfnTheme",
  "AWS::ApiGateway::Account": "aws-cdk-lib/aws-apigateway.CfnAccount",
  "AWS::ApiGateway::ApiKey": "aws-cdk-lib/aws-apigateway.CfnApiKey",
  "AWS::ApiGatewayV2::ApiMapping": "aws-cdk-lib/aws-apigatewayv2.CfnApiMapping",
  "AWS::ApiGatewayV2::Api": "aws-cdk-lib/aws-apigatewayv2.CfnApi",
  "AWS::ApiGateway::Authorizer": "aws-cdk-lib/aws-apigateway.CfnAuthorizer",
  "AWS::ApiGatewayV2::Authorizer": "aws-cdk-lib/aws-apigatewayv2.CfnAuthorizer",
  "AWS::ApiGateway::BasePathMapping": "aws-cdk-lib/aws-apigateway.CfnBasePathMapping",
  "AWS::ApiGateway::ClientCertificate": "aws-cdk-lib/aws-apigateway.CfnClientCertificate",
  "AWS::ApiGateway::Deployment": "aws-cdk-lib/aws-apigateway.CfnDeployment",
  "AWS::ApiGatewayV2::Deployment": "aws-cdk-lib/aws-apigatewayv2.CfnDeployment",
  "AWS::ApiGateway::DocumentationPart": "aws-cdk-lib/aws-apigateway.CfnDocumentationPart",
  "AWS::ApiGateway::DocumentationVersion": "aws-cdk-lib/aws-apigateway.CfnDocumentationVersion",
  "AWS::ApiGateway::DomainName": "aws-cdk-lib/aws-apigateway.CfnDomainName",
  "AWS::ApiGatewayV2::DomainName": "aws-cdk-lib/aws-apigatewayv2.CfnDomainName",
  "AWS::ApiGateway::GatewayResponse": "aws-cdk-lib/aws-apigateway.CfnGatewayResponse",
  "AWS::ApiGatewayV2::IntegrationResponse": "aws-cdk-lib/aws-apigatewayv2.CfnIntegrationResponse",
  "AWS::ApiGatewayV2::Integration": "aws-cdk-lib/aws-apigatewayv2.CfnIntegration",
  "AWS::ApiGateway::Method": "aws-cdk-lib/aws-apigateway.CfnMethod",
  "AWS::ApiGateway::Model": "aws-cdk-lib/aws-apigateway.CfnModel",
  "AWS::ApiGatewayV2::Model": "aws-cdk-lib/aws-apigatewayv2.CfnModel",
  "AWS::ApiGateway::RequestValidator": "aws-cdk-lib/aws-apigateway.CfnRequestValidator",
  "AWS::ApiGateway::Resource": "aws-cdk-lib/aws-apigateway.CfnResource",
  "AWS::ApiGateway::RestApi": "aws-cdk-lib/aws-apigateway.CfnRestApi",
  "AWS::ApiGatewayV2::RouteResponse": "aws-cdk-lib/aws-apigatewayv2.CfnRouteResponse",
  "AWS::ApiGatewayV2::Route": "aws-cdk-lib/aws-apigatewayv2.CfnRoute",
  "AWS::ApiGateway::Stage": "aws-cdk-lib/aws-apigateway.CfnStage",
  "AWS::ApiGatewayV2::Stage": "aws-cdk-lib/aws-apigatewayv2.CfnStage",
  "AWS::ApiGateway::UsagePlan": "aws-cdk-lib/aws-apigateway.CfnUsagePlan",
  "AWS::ApiGateway::UsagePlanKey": "aws-cdk-lib/aws-apigateway.CfnUsagePlanKey",
  "AWS::ApiGateway::VpcLink": "aws-cdk-lib/aws-apigateway.CfnVpcLink",
  "AWS::ApiGatewayV2::ApiGatewayManagedOverrides": "aws-cdk-lib/aws-apigatewayv2.CfnApiGatewayManagedOverrides",
  "AWS::ApiGatewayV2::VpcLink": "aws-cdk-lib/aws-apigatewayv2.CfnVpcLink",
  "AWS::AppConfig::Application": "aws-cdk-lib/aws-appconfig.CfnApplication",
  "AWS::AppConfig::ConfigurationProfile": "aws-cdk-lib/aws-appconfig.CfnConfigurationProfile",
  "AWS::AppConfig::Deployment": "aws-cdk-lib/aws-appconfig.CfnDeployment",
  "AWS::AppConfig::DeploymentStrategy": "aws-cdk-lib/aws-appconfig.CfnDeploymentStrategy",
  "AWS::AppConfig::Environment": "aws-cdk-lib/aws-appconfig.CfnEnvironment",
  "AWS::AppConfig::HostedConfigurationVersion": "aws-cdk-lib/aws-appconfig.CfnHostedConfigurationVersion",
  "AWS::AppFlow::ConnectorProfile": "aws-cdk-lib/aws-appflow.CfnConnectorProfile",
  "AWS::AppFlow::Flow": "aws-cdk-lib/aws-appflow.CfnFlow",
  "AWS::AppIntegrations::DataIntegration": "aws-cdk-lib/aws-appintegrations.CfnDataIntegration",
  "AWS::AppIntegrations::EventIntegration": "aws-cdk-lib/aws-appintegrations.CfnEventIntegration",
  "AWS::ApplicationAutoScaling::ScalableTarget": "aws-cdk-lib/aws-applicationautoscaling.CfnScalableTarget",
  "AWS::ApplicationAutoScaling::ScalingPolicy": "aws-cdk-lib/aws-applicationautoscaling.CfnScalingPolicy",
  "AWS::ApplicationInsights::Application": "aws-cdk-lib/aws-applicationinsights.CfnApplication",
  "AWS::AppMesh::GatewayRoute": "aws-cdk-lib/aws-appmesh.CfnGatewayRoute",
  "AWS::AppMesh::Mesh": "aws-cdk-lib/aws-appmesh.CfnMesh",
  "AWS::AppMesh::Route": "aws-cdk-lib/aws-appmesh.CfnRoute",
  "AWS::AppMesh::VirtualGateway": "aws-cdk-lib/aws-appmesh.CfnVirtualGateway",
  "AWS::AppMesh::VirtualNode": "aws-cdk-lib/aws-appmesh.CfnVirtualNode",
  "AWS::AppMesh::VirtualRouter": "aws-cdk-lib/aws-appmesh.CfnVirtualRouter",
  "AWS::AppMesh::VirtualService": "aws-cdk-lib/aws-appmesh.CfnVirtualService",
  "AWS::AppRunner::ObservabilityConfiguration": "aws-cdk-lib/aws-apprunner.CfnObservabilityConfiguration",
  "AWS::AppRunner::Service": "aws-cdk-lib/aws-apprunner.CfnService",
  "AWS::AppRunner::VpcConnector": "aws-cdk-lib/aws-apprunner.CfnVpcConnector",
  "AWS::AppStream::AppBlock": "aws-cdk-lib/aws-appstream.CfnAppBlock",
  "AWS::AppStream::Application": "aws-cdk-lib/aws-appstream.CfnApplication",
  "AWS::AppStream::ApplicationEntitlementAssociation": "aws-cdk-lib/aws-appstream.CfnApplicationEntitlementAssociation",
  "AWS::AppStream::ApplicationFleetAssociation": "aws-cdk-lib/aws-appstream.CfnApplicationFleetAssociation",
  "AWS::AppStream::DirectoryConfig": "aws-cdk-lib/aws-appstream.CfnDirectoryConfig",
  "AWS::AppStream::Entitlement": "aws-cdk-lib/aws-appstream.CfnEntitlement",
  "AWS::AppStream::Fleet": "aws-cdk-lib/aws-appstream.CfnFleet",
  "AWS::AppStream::ImageBuilder": "aws-cdk-lib/aws-appstream.CfnImageBuilder",
  "AWS::AppStream::Stack": "aws-cdk-lib/aws-appstream.CfnStack",
  "AWS::AppStream::StackFleetAssociation": "aws-cdk-lib/aws-appstream.CfnStackFleetAssociation",
  "AWS::AppStream::StackUserAssociation": "aws-cdk-lib/aws-appstream.CfnStackUserAssociation",
  "AWS::AppStream::User": "aws-cdk-lib/aws-appstream.CfnUser",
  "AWS::AppSync::ApiCache": "aws-cdk-lib/aws-appsync.CfnApiCache",
  "AWS::AppSync::ApiKey": "aws-cdk-lib/aws-appsync.CfnApiKey",
  "AWS::AppSync::DataSource": "aws-cdk-lib/aws-appsync.CfnDataSource",
  "AWS::AppSync::DomainName": "aws-cdk-lib/aws-appsync.CfnDomainName",
  "AWS::AppSync::DomainNameApiAssociation": "aws-cdk-lib/aws-appsync.CfnDomainNameApiAssociation",
  "AWS::AppSync::FunctionConfiguration": "aws-cdk-lib/aws-appsync.CfnFunctionConfiguration",
  "AWS::AppSync::GraphQLApi": "aws-cdk-lib/aws-appsync.CfnGraphQLApi",
  "AWS::AppSync::GraphQLSchema": "aws-cdk-lib/aws-appsync.CfnGraphQLSchema",
  "AWS::AppSync::Resolver": "aws-cdk-lib/aws-appsync.CfnResolver",
  "AWS::APS::RuleGroupsNamespace": "aws-cdk-lib/aws-aps.CfnRuleGroupsNamespace",
  "AWS::APS::Workspace": "aws-cdk-lib/aws-aps.CfnWorkspace",
  "AWS::Athena::DataCatalog": "aws-cdk-lib/aws-athena.CfnDataCatalog",
  "AWS::Athena::NamedQuery": "aws-cdk-lib/aws-athena.CfnNamedQuery",
  "AWS::Athena::PreparedStatement": "aws-cdk-lib/aws-athena.CfnPreparedStatement",
  "AWS::Athena::WorkGroup": "aws-cdk-lib/aws-athena.CfnWorkGroup",
  "AWS::AuditManager::Assessment": "aws-cdk-lib/aws-auditmanager.CfnAssessment",
  "AWS::AutoScaling::AutoScalingGroup": "aws-cdk-lib/aws-autoscaling.CfnAutoScalingGroup",
  "AWS::AutoScaling::LaunchConfiguration": "aws-cdk-lib/aws-autoscaling.CfnLaunchConfiguration",
  "AWS::AutoScaling::LifecycleHook": "aws-cdk-lib/aws-autoscaling.CfnLifecycleHook",
  "AWS::AutoScaling::ScalingPolicy": "aws-cdk-lib/aws-autoscaling.CfnScalingPolicy",
  "AWS::AutoScaling::ScheduledAction": "aws-cdk-lib/aws-autoscaling.CfnScheduledAction",
  "AWS::AutoScaling::WarmPool": "aws-cdk-lib/aws-autoscaling.CfnWarmPool",
  "AWS::AutoScalingPlans::ScalingPlan": "aws-cdk-lib/aws-autoscalingplans.CfnScalingPlan",
  "AWS::Backup::BackupPlan": "aws-cdk-lib/aws-backup.CfnBackupPlan",
  "AWS::Backup::BackupSelection": "aws-cdk-lib/aws-backup.CfnBackupSelection",
  "AWS::Backup::BackupVault": "aws-cdk-lib/aws-backup.CfnBackupVault",
  "AWS::Backup::Framework": "aws-cdk-lib/aws-backup.CfnFramework",
  "AWS::Backup::ReportPlan": "aws-cdk-lib/aws-backup.CfnReportPlan",
  "AWS::Batch::ComputeEnvironment": "aws-cdk-lib/aws-batch.CfnComputeEnvironment",
  "AWS::Batch::JobDefinition": "aws-cdk-lib/aws-batch.CfnJobDefinition",
  "AWS::Batch::JobQueue": "aws-cdk-lib/aws-batch.CfnJobQueue",
  "AWS::Batch::SchedulingPolicy": "aws-cdk-lib/aws-batch.CfnSchedulingPolicy",
  "AWS::BillingConductor::BillingGroup": "aws-cdk-lib/aws-billingconductor.CfnBillingGroup",
  "AWS::BillingConductor::CustomLineItem": "aws-cdk-lib/aws-billingconductor.CfnCustomLineItem",
  "AWS::BillingConductor::PricingPlan": "aws-cdk-lib/aws-billingconductor.CfnPricingPlan",
  "AWS::BillingConductor::PricingRule": "aws-cdk-lib/aws-billingconductor.CfnPricingRule",
  "AWS::Budgets::Budget": "aws-cdk-lib/aws-budgets.CfnBudget",
  "AWS::Budgets::BudgetsAction": "aws-cdk-lib/aws-budgets.CfnBudgetsAction",
  "AWS::Cassandra::Keyspace": "aws-cdk-lib/aws-cassandra.CfnKeyspace",
  "AWS::Cassandra::Table": "aws-cdk-lib/aws-cassandra.CfnTable",
  "AWS::CE::AnomalyMonitor": "aws-cdk-lib/aws-ce.CfnAnomalyMonitor",
  "AWS::CE::AnomalySubscription": "aws-cdk-lib/aws-ce.CfnAnomalySubscription",
  "AWS::CE::CostCategory": "aws-cdk-lib/aws-ce.CfnCostCategory",
  "AWS::CertificateManager::Account": "aws-cdk-lib/aws-certificatemanager.CfnAccount",
  "AWS::CertificateManager::Certificate": "aws-cdk-lib/aws-certificatemanager.CfnCertificate",
  "AWS::Chatbot::SlackChannelConfiguration": "aws-cdk-lib/aws-chatbot.CfnSlackChannelConfiguration",
  "AWS::Cloud9::EnvironmentEC2": "aws-cdk-lib/aws-cloud9.CfnEnvironmentEC2",
  "AWS::CloudFront::CachePolicy": "aws-cdk-lib/aws-cloudfront.CfnCachePolicy",
  "AWS::CloudFront::CloudFrontOriginAccessIdentity": "aws-cdk-lib/aws-cloudfront.CfnCloudFrontOriginAccessIdentity",
  "AWS::CloudFront::Distribution": "aws-cdk-lib/aws-cloudfront.CfnDistribution",
  "AWS::CloudFront::Function": "aws-cdk-lib/aws-cloudfront.CfnFunction",
  "AWS::CloudFront::KeyGroup": "aws-cdk-lib/aws-cloudfront.CfnKeyGroup",
  "AWS::CloudFront::OriginRequestPolicy": "aws-cdk-lib/aws-cloudfront.CfnOriginRequestPolicy",
  "AWS::CloudFront::PublicKey": "aws-cdk-lib/aws-cloudfront.CfnPublicKey",
  "AWS::CloudFront::RealtimeLogConfig": "aws-cdk-lib/aws-cloudfront.CfnRealtimeLogConfig",
  "AWS::CloudFront::ResponseHeadersPolicy": "aws-cdk-lib/aws-cloudfront.CfnResponseHeadersPolicy",
  "AWS::CloudFront::StreamingDistribution": "aws-cdk-lib/aws-cloudfront.CfnStreamingDistribution",
  "AWS::CloudTrail::Trail": "aws-cdk-lib/aws-cloudtrail.CfnTrail",
  "AWS::CloudWatch::Alarm": "aws-cdk-lib/aws-cloudwatch.CfnAlarm",
  "AWS::CloudWatch::AnomalyDetector": "aws-cdk-lib/aws-cloudwatch.CfnAnomalyDetector",
  "AWS::CloudWatch::CompositeAlarm": "aws-cdk-lib/aws-cloudwatch.CfnCompositeAlarm",
  "AWS::CloudWatch::Dashboard": "aws-cdk-lib/aws-cloudwatch.CfnDashboard",
  "AWS::CloudWatch::InsightRule": "aws-cdk-lib/aws-cloudwatch.CfnInsightRule",
  "AWS::CloudWatch::MetricStream": "aws-cdk-lib/aws-cloudwatch.CfnMetricStream",
  "AWS::CodeArtifact::Domain": "aws-cdk-lib/aws-codeartifact.CfnDomain",
  "AWS::CodeArtifact::Repository": "aws-cdk-lib/aws-codeartifact.CfnRepository",
  "AWS::CodeBuild::Project": "aws-cdk-lib/aws-codebuild.CfnProject",
  "AWS::CodeBuild::ReportGroup": "aws-cdk-lib/aws-codebuild.CfnReportGroup",
  "AWS::CodeBuild::SourceCredential": "aws-cdk-lib/aws-codebuild.CfnSourceCredential",
  "AWS::CodeCommit::Repository": "aws-cdk-lib/aws-codecommit.CfnRepository",
  "AWS::CodeDeploy::Application": "aws-cdk-lib/aws-codedeploy.CfnApplication",
  "AWS::CodeDeploy::DeploymentConfig": "aws-cdk-lib/aws-codedeploy.CfnDeploymentConfig",
  "AWS::CodeDeploy::DeploymentGroup": "aws-cdk-lib/aws-codedeploy.CfnDeploymentGroup",
  "AWS::CodeGuruProfiler::ProfilingGroup": "aws-cdk-lib/aws-codeguruprofiler.CfnProfilingGroup",
  "AWS::CodeGuruReviewer::RepositoryAssociation": "aws-cdk-lib/aws-codegurureviewer.CfnRepositoryAssociation",
  "AWS::CodePipeline::CustomActionType": "aws-cdk-lib/aws-codepipeline.CfnCustomActionType",
  "AWS::CodePipeline::Pipeline": "aws-cdk-lib/aws-codepipeline.CfnPipeline",
  "AWS::CodePipeline::Webhook": "aws-cdk-lib/aws-codepipeline.CfnWebhook",
  "AWS::CodeStar::GitHubRepository": "aws-cdk-lib/aws-codestar.CfnGitHubRepository",
  "AWS::CodeStarConnections::Connection": "aws-cdk-lib/aws-codestarconnections.CfnConnection",
  "AWS::CodeStarNotifications::NotificationRule": "aws-cdk-lib/aws-codestarnotifications.CfnNotificationRule",
  "AWS::Cognito::IdentityPool": "aws-cdk-lib/aws-cognito.CfnIdentityPool",
  "AWS::Cognito::IdentityPoolRoleAttachment": "aws-cdk-lib/aws-cognito.CfnIdentityPoolRoleAttachment",
  "AWS::Cognito::UserPool": "aws-cdk-lib/aws-cognito.CfnUserPool",
  "AWS::Cognito::UserPoolClient": "aws-cdk-lib/aws-cognito.CfnUserPoolClient",
  "AWS::Cognito::UserPoolDomain": "aws-cdk-lib/aws-cognito.CfnUserPoolDomain",
  "AWS::Cognito::UserPoolGroup": "aws-cdk-lib/aws-cognito.CfnUserPoolGroup",
  "AWS::Cognito::UserPoolIdentityProvider": "aws-cdk-lib/aws-cognito.CfnUserPoolIdentityProvider",
  "AWS::Cognito::UserPoolResourceServer": "aws-cdk-lib/aws-cognito.CfnUserPoolResourceServer",
  "AWS::Cognito::UserPoolRiskConfigurationAttachment": "aws-cdk-lib/aws-cognito.CfnUserPoolRiskConfigurationAttachment",
  "AWS::Cognito::UserPoolUICustomizationAttachment": "aws-cdk-lib/aws-cognito.CfnUserPoolUICustomizationAttachment",
  "AWS::Cognito::UserPoolUser": "aws-cdk-lib/aws-cognito.CfnUserPoolUser",
  "AWS::Cognito::UserPoolUserToGroupAttachment": "aws-cdk-lib/aws-cognito.CfnUserPoolUserToGroupAttachment",
  "AWS::Config::AggregationAuthorization": "aws-cdk-lib/aws-config.CfnAggregationAuthorization",
  "AWS::Config::ConfigRule": "aws-cdk-lib/aws-config.CfnConfigRule",
  "AWS::Config::ConfigurationAggregator": "aws-cdk-lib/aws-config.CfnConfigurationAggregator",
  "AWS::Config::ConfigurationRecorder": "aws-cdk-lib/aws-config.CfnConfigurationRecorder",
  "AWS::Config::ConformancePack": "aws-cdk-lib/aws-config.CfnConformancePack",
  "AWS::Config::DeliveryChannel": "aws-cdk-lib/aws-config.CfnDeliveryChannel",
  "AWS::Config::OrganizationConfigRule": "aws-cdk-lib/aws-config.CfnOrganizationConfigRule",
  "AWS::Config::OrganizationConformancePack": "aws-cdk-lib/aws-config.CfnOrganizationConformancePack",
  "AWS::Config::RemediationConfiguration": "aws-cdk-lib/aws-config.CfnRemediationConfiguration",
  "AWS::Config::StoredQuery": "aws-cdk-lib/aws-config.CfnStoredQuery",
  "AWS::Connect::ContactFlow": "aws-cdk-lib/aws-connect.CfnContactFlow",
  "AWS::Connect::ContactFlowModule": "aws-cdk-lib/aws-connect.CfnContactFlowModule",
  "AWS::Connect::HoursOfOperation": "aws-cdk-lib/aws-connect.CfnHoursOfOperation",
  "AWS::Connect::PhoneNumber": "aws-cdk-lib/aws-connect.CfnPhoneNumber",
  "AWS::Connect::QuickConnect": "aws-cdk-lib/aws-connect.CfnQuickConnect",
  "AWS::Connect::User": "aws-cdk-lib/aws-connect.CfnUser",
  "AWS::Connect::UserHierarchyGroup": "aws-cdk-lib/aws-connect.CfnUserHierarchyGroup",
  "AWS::CUR::ReportDefinition": "aws-cdk-lib/aws-cur.CfnReportDefinition",
  "AWS::CustomerProfiles::Domain": "aws-cdk-lib/aws-customerprofiles.CfnDomain",
  "AWS::CustomerProfiles::Integration": "aws-cdk-lib/aws-customerprofiles.CfnIntegration",
  "AWS::CustomerProfiles::ObjectType": "aws-cdk-lib/aws-customerprofiles.CfnObjectType",
  "AWS::DataBrew::Dataset": "aws-cdk-lib/aws-databrew.CfnDataset",
  "AWS::DataBrew::Job": "aws-cdk-lib/aws-databrew.CfnJob",
  "AWS::DataBrew::Project": "aws-cdk-lib/aws-databrew.CfnProject",
  "AWS::DataBrew::Recipe": "aws-cdk-lib/aws-databrew.CfnRecipe",
  "AWS::DataBrew::Ruleset": "aws-cdk-lib/aws-databrew.CfnRuleset",
  "AWS::DataBrew::Schedule": "aws-cdk-lib/aws-databrew.CfnSchedule",
  "AWS::DataPipeline::Pipeline": "aws-cdk-lib/aws-datapipeline.CfnPipeline",
  "AWS::DataSync::Agent": "aws-cdk-lib/aws-datasync.CfnAgent",
  "AWS::DataSync::LocationEFS": "aws-cdk-lib/aws-datasync.CfnLocationEFS",
  "AWS::DataSync::LocationFSxLustre": "aws-cdk-lib/aws-datasync.CfnLocationFSxLustre",
  "AWS::DataSync::LocationFSxOpenZFS": "aws-cdk-lib/aws-datasync.CfnLocationFSxOpenZFS",
  "AWS::DataSync::LocationFSxWindows": "aws-cdk-lib/aws-datasync.CfnLocationFSxWindows",
  "AWS::DataSync::LocationHDFS": "aws-cdk-lib/aws-datasync.CfnLocationHDFS",
  "AWS::DataSync::LocationNFS": "aws-cdk-lib/aws-datasync.CfnLocationNFS",
  "AWS::DataSync::LocationObjectStorage": "aws-cdk-lib/aws-datasync.CfnLocationObjectStorage",
  "AWS::DataSync::LocationS3": "aws-cdk-lib/aws-datasync.CfnLocationS3",
  "AWS::DataSync::LocationSMB": "aws-cdk-lib/aws-datasync.CfnLocationSMB",
  "AWS::DataSync::Task": "aws-cdk-lib/aws-datasync.CfnTask",
  "AWS::DAX::Cluster": "aws-cdk-lib/aws-dax.CfnCluster",
  "AWS::DAX::ParameterGroup": "aws-cdk-lib/aws-dax.CfnParameterGroup",
  "AWS::DAX::SubnetGroup": "aws-cdk-lib/aws-dax.CfnSubnetGroup",
  "AWS::Detective::Graph": "aws-cdk-lib/aws-detective.CfnGraph",
  "AWS::Detective::MemberInvitation": "aws-cdk-lib/aws-detective.CfnMemberInvitation",
  "AWS::DevOpsGuru::NotificationChannel": "aws-cdk-lib/aws-devopsguru.CfnNotificationChannel",
  "AWS::DevOpsGuru::ResourceCollection": "aws-cdk-lib/aws-devopsguru.CfnResourceCollection",
  "AWS::DirectoryService::MicrosoftAD": "aws-cdk-lib/aws-directoryservice.CfnMicrosoftAD",
  "AWS::DirectoryService::SimpleAD": "aws-cdk-lib/aws-directoryservice.CfnSimpleAD",
  "AWS::DLM::LifecyclePolicy": "aws-cdk-lib/aws-dlm.CfnLifecyclePolicy",
  "AWS::DMS::Certificate": "aws-cdk-lib/aws-dms.CfnCertificate",
  "AWS::DMS::Endpoint": "aws-cdk-lib/aws-dms.CfnEndpoint",
  "AWS::DMS::EventSubscription": "aws-cdk-lib/aws-dms.CfnEventSubscription",
  "AWS::DMS::ReplicationInstance": "aws-cdk-lib/aws-dms.CfnReplicationInstance",
  "AWS::DMS::ReplicationSubnetGroup": "aws-cdk-lib/aws-dms.CfnReplicationSubnetGroup",
  "AWS::DMS::ReplicationTask": "aws-cdk-lib/aws-dms.CfnReplicationTask",
  "AWS::DocDB::DBCluster": "aws-cdk-lib/aws-docdb.CfnDBCluster",
  "AWS::DocDB::DBClusterParameterGroup": "aws-cdk-lib/aws-docdb.CfnDBClusterParameterGroup",
  "AWS::DocDB::DBInstance": "aws-cdk-lib/aws-docdb.CfnDBInstance",
  "AWS::DocDB::DBSubnetGroup": "aws-cdk-lib/aws-docdb.CfnDBSubnetGroup",
  "AWS::DynamoDB::GlobalTable": "aws-cdk-lib/aws-dynamodb.CfnGlobalTable",
  "AWS::DynamoDB::Table": "aws-cdk-lib/aws-dynamodb.CfnTable",
  "AWS::EC2::CapacityReservation": "aws-cdk-lib/aws-ec2.CfnCapacityReservation",
  "AWS::EC2::CapacityReservationFleet": "aws-cdk-lib/aws-ec2.CfnCapacityReservationFleet",
  "AWS::EC2::CarrierGateway": "aws-cdk-lib/aws-ec2.CfnCarrierGateway",
  "AWS::EC2::ClientVpnAuthorizationRule": "aws-cdk-lib/aws-ec2.CfnClientVpnAuthorizationRule",
  "AWS::EC2::ClientVpnEndpoint": "aws-cdk-lib/aws-ec2.CfnClientVpnEndpoint",
  "AWS::EC2::ClientVpnRoute": "aws-cdk-lib/aws-ec2.CfnClientVpnRoute",
  "AWS::EC2::ClientVpnTargetNetworkAssociation": "aws-cdk-lib/aws-ec2.CfnClientVpnTargetNetworkAssociation",
  "AWS::EC2::CustomerGateway": "aws-cdk-lib/aws-ec2.CfnCustomerGateway",
  "AWS::EC2::DHCPOptions": "aws-cdk-lib/aws-ec2.CfnDHCPOptions",
  "AWS::EC2::EC2Fleet": "aws-cdk-lib/aws-ec2.CfnEC2Fleet",
  "AWS::EC2::EIP": "aws-cdk-lib/aws-ec2.CfnEIP",
  "AWS::EC2::EIPAssociation": "aws-cdk-lib/aws-ec2.CfnEIPAssociation",
  "AWS::EC2::EgressOnlyInternetGateway": "aws-cdk-lib/aws-ec2.CfnEgressOnlyInternetGateway",
  "AWS::EC2::EnclaveCertificateIamRoleAssociation": "aws-cdk-lib/aws-ec2.CfnEnclaveCertificateIamRoleAssociation",
  "AWS::EC2::FlowLog": "aws-cdk-lib/aws-ec2.CfnFlowLog",
  "AWS::EC2::GatewayRouteTableAssociation": "aws-cdk-lib/aws-ec2.CfnGatewayRouteTableAssociation",
  "AWS::EC2::Host": "aws-cdk-lib/aws-ec2.CfnHost",
  "AWS::EC2::IPAM": "aws-cdk-lib/aws-ec2.CfnIPAM",
  "AWS::EC2::IPAMAllocation": "aws-cdk-lib/aws-ec2.CfnIPAMAllocation",
  "AWS::EC2::IPAMPool": "aws-cdk-lib/aws-ec2.CfnIPAMPool",
  "AWS::EC2::IPAMScope": "aws-cdk-lib/aws-ec2.CfnIPAMScope",
  "AWS::EC2::Instance": "aws-cdk-lib/aws-ec2.CfnInstance",
  "AWS::EC2::InternetGateway": "aws-cdk-lib/aws-ec2.CfnInternetGateway",
  "AWS::EC2::KeyPair": "aws-cdk-lib/aws-ec2.CfnKeyPair",
  "AWS::EC2::LaunchTemplate": "aws-cdk-lib/aws-ec2.CfnLaunchTemplate",
  "AWS::EC2::LocalGatewayRoute": "aws-cdk-lib/aws-ec2.CfnLocalGatewayRoute",
  "AWS::EC2::LocalGatewayRouteTableVPCAssociation": "aws-cdk-lib/aws-ec2.CfnLocalGatewayRouteTableVPCAssociation",
  "AWS::EC2::NatGateway": "aws-cdk-lib/aws-ec2.CfnNatGateway",
  "AWS::EC2::NetworkAcl": "aws-cdk-lib/aws-ec2.CfnNetworkAcl",
  "AWS::EC2::NetworkAclEntry": "aws-cdk-lib/aws-ec2.CfnNetworkAclEntry",
  "AWS::EC2::NetworkInsightsAccessScope": "aws-cdk-lib/aws-ec2.CfnNetworkInsightsAccessScope",
  "AWS::EC2::NetworkInsightsAccessScopeAnalysis": "aws-cdk-lib/aws-ec2.CfnNetworkInsightsAccessScopeAnalysis",
  "AWS::EC2::NetworkInsightsAnalysis": "aws-cdk-lib/aws-ec2.CfnNetworkInsightsAnalysis",
  "AWS::EC2::NetworkInsightsPath": "aws-cdk-lib/aws-ec2.CfnNetworkInsightsPath",
  "AWS::EC2::NetworkInterface": "aws-cdk-lib/aws-ec2.CfnNetworkInterface",
  "AWS::EC2::NetworkInterfaceAttachment": "aws-cdk-lib/aws-ec2.CfnNetworkInterfaceAttachment",
  "AWS::EC2::NetworkInterfacePermission": "aws-cdk-lib/aws-ec2.CfnNetworkInterfacePermission",
  "AWS::EC2::PlacementGroup": "aws-cdk-lib/aws-ec2.CfnPlacementGroup",
  "AWS::EC2::PrefixList": "aws-cdk-lib/aws-ec2.CfnPrefixList",
  "AWS::EC2::Route": "aws-cdk-lib/aws-ec2.CfnRoute",
  "AWS::EC2::RouteTable": "aws-cdk-lib/aws-ec2.CfnRouteTable",
  "AWS::EC2::SecurityGroup": "aws-cdk-lib/aws-ec2.CfnSecurityGroup",
  "AWS::EC2::SecurityGroupEgress": "aws-cdk-lib/aws-ec2.CfnSecurityGroupEgress",
  "AWS::EC2::SecurityGroupIngress": "aws-cdk-lib/aws-ec2.CfnSecurityGroupIngress",
  "AWS::EC2::SpotFleet": "aws-cdk-lib/aws-ec2.CfnSpotFleet",
  "AWS::EC2::Subnet": "aws-cdk-lib/aws-ec2.CfnSubnet",
  "AWS::EC2::SubnetCidrBlock": "aws-cdk-lib/aws-ec2.CfnSubnetCidrBlock",
  "AWS::EC2::SubnetNetworkAclAssociation": "aws-cdk-lib/aws-ec2.CfnSubnetNetworkAclAssociation",
  "AWS::EC2::SubnetRouteTableAssociation": "aws-cdk-lib/aws-ec2.CfnSubnetRouteTableAssociation",
  "AWS::EC2::TrafficMirrorFilter": "aws-cdk-lib/aws-ec2.CfnTrafficMirrorFilter",
  "AWS::EC2::TrafficMirrorFilterRule": "aws-cdk-lib/aws-ec2.CfnTrafficMirrorFilterRule",
  "AWS::EC2::TrafficMirrorSession": "aws-cdk-lib/aws-ec2.CfnTrafficMirrorSession",
  "AWS::EC2::TrafficMirrorTarget": "aws-cdk-lib/aws-ec2.CfnTrafficMirrorTarget",
  "AWS::EC2::TransitGateway": "aws-cdk-lib/aws-ec2.CfnTransitGateway",
  "AWS::EC2::TransitGatewayAttachment": "aws-cdk-lib/aws-ec2.CfnTransitGatewayAttachment",
  "AWS::EC2::TransitGatewayConnect": "aws-cdk-lib/aws-ec2.CfnTransitGatewayConnect",
  "AWS::EC2::TransitGatewayMulticastDomain": "aws-cdk-lib/aws-ec2.CfnTransitGatewayMulticastDomain",
  "AWS::EC2::TransitGatewayMulticastDomainAssociation": "aws-cdk-lib/aws-ec2.CfnTransitGatewayMulticastDomainAssociation",
  "AWS::EC2::TransitGatewayMulticastGroupMember": "aws-cdk-lib/aws-ec2.CfnTransitGatewayMulticastGroupMember",
  "AWS::EC2::TransitGatewayMulticastGroupSource": "aws-cdk-lib/aws-ec2.CfnTransitGatewayMulticastGroupSource",
  "AWS::EC2::TransitGatewayPeeringAttachment": "aws-cdk-lib/aws-ec2.CfnTransitGatewayPeeringAttachment",
  "AWS::EC2::TransitGatewayRoute": "aws-cdk-lib/aws-ec2.CfnTransitGatewayRoute",
  "AWS::EC2::TransitGatewayRouteTable": "aws-cdk-lib/aws-ec2.CfnTransitGatewayRouteTable",
  "AWS::EC2::TransitGatewayRouteTableAssociation": "aws-cdk-lib/aws-ec2.CfnTransitGatewayRouteTableAssociation",
  "AWS::EC2::TransitGatewayRouteTablePropagation": "aws-cdk-lib/aws-ec2.CfnTransitGatewayRouteTablePropagation",
  "AWS::EC2::TransitGatewayVpcAttachment": "aws-cdk-lib/aws-ec2.CfnTransitGatewayVpcAttachment",
  "AWS::EC2::VPC": "aws-cdk-lib/aws-ec2.CfnVPC",
  "AWS::EC2::VPCCidrBlock": "aws-cdk-lib/aws-ec2.CfnVPCCidrBlock",
  "AWS::EC2::VPCDHCPOptionsAssociation": "aws-cdk-lib/aws-ec2.CfnVPCDHCPOptionsAssociation",
  "AWS::EC2::VPCEndpoint": "aws-cdk-lib/aws-ec2.CfnVPCEndpoint",
  "AWS::EC2::VPCEndpointConnectionNotification": "aws-cdk-lib/aws-ec2.CfnVPCEndpointConnectionNotification",
  "AWS::EC2::VPCEndpointService": "aws-cdk-lib/aws-ec2.CfnVPCEndpointService",
  "AWS::EC2::VPCEndpointServicePermissions": "aws-cdk-lib/aws-ec2.CfnVPCEndpointServicePermissions",
  "AWS::EC2::VPCGatewayAttachment": "aws-cdk-lib/aws-ec2.CfnVPCGatewayAttachment",
  "AWS::EC2::VPCPeeringConnection": "aws-cdk-lib/aws-ec2.CfnVPCPeeringConnection",
  "AWS::EC2::VPNConnection": "aws-cdk-lib/aws-ec2.CfnVPNConnection",
  "AWS::EC2::VPNConnectionRoute": "aws-cdk-lib/aws-ec2.CfnVPNConnectionRoute",
  "AWS::EC2::VPNGateway": "aws-cdk-lib/aws-ec2.CfnVPNGateway",
  "AWS::EC2::VPNGatewayRoutePropagation": "aws-cdk-lib/aws-ec2.CfnVPNGatewayRoutePropagation",
  "AWS::EC2::Volume": "aws-cdk-lib/aws-ec2.CfnVolume",
  "AWS::EC2::VolumeAttachment": "aws-cdk-lib/aws-ec2.CfnVolumeAttachment",
  "AWS::ECR::PublicRepository": "aws-cdk-lib/aws-ecr.CfnPublicRepository",
  "AWS::ECR::PullThroughCacheRule": "aws-cdk-lib/aws-ecr.CfnPullThroughCacheRule",
  "AWS::ECR::RegistryPolicy": "aws-cdk-lib/aws-ecr.CfnRegistryPolicy",
  "AWS::ECR::ReplicationConfiguration": "aws-cdk-lib/aws-ecr.CfnReplicationConfiguration",
  "AWS::ECR::Repository": "aws-cdk-lib/aws-ecr.CfnRepository",
  "AWS::ECS::CapacityProvider": "aws-cdk-lib/aws-ecs.CfnCapacityProvider",
  "AWS::ECS::Cluster": "aws-cdk-lib/aws-ecs.CfnCluster",
  "AWS::ECS::ClusterCapacityProviderAssociations": "aws-cdk-lib/aws-ecs.CfnClusterCapacityProviderAssociations",
  "AWS::ECS::PrimaryTaskSet": "aws-cdk-lib/aws-ecs.CfnPrimaryTaskSet",
  "AWS::ECS::Service": "aws-cdk-lib/aws-ecs.CfnService",
  "AWS::ECS::TaskDefinition": "aws-cdk-lib/aws-ecs.CfnTaskDefinition",
  "AWS::ECS::TaskSet": "aws-cdk-lib/aws-ecs.CfnTaskSet",
  "AWS::EFS::AccessPoint": "aws-cdk-lib/aws-efs.CfnAccessPoint",
  "AWS::EFS::FileSystem": "aws-cdk-lib/aws-efs.CfnFileSystem",
  "AWS::EFS::MountTarget": "aws-cdk-lib/aws-efs.CfnMountTarget",
  "AWS::EKS::Addon": "aws-cdk-lib/aws-eks.CfnAddon",
  "AWS::EKS::Cluster": "aws-cdk-lib/aws-eks.CfnCluster",
  "AWS::EKS::FargateProfile": "aws-cdk-lib/aws-eks.CfnFargateProfile",
  "AWS::EKS::IdentityProviderConfig": "aws-cdk-lib/aws-eks.CfnIdentityProviderConfig",
  "AWS::EKS::Nodegroup": "aws-cdk-lib/aws-eks.CfnNodegroup",
  "AWS::ElastiCache::CacheCluster": "aws-cdk-lib/aws-elasticache.CfnCacheCluster",
  "AWS::ElastiCache::GlobalReplicationGroup": "aws-cdk-lib/aws-elasticache.CfnGlobalReplicationGroup",
  "AWS::ElastiCache::ParameterGroup": "aws-cdk-lib/aws-elasticache.CfnParameterGroup",
  "AWS::ElastiCache::ReplicationGroup": "aws-cdk-lib/aws-elasticache.CfnReplicationGroup",
  "AWS::ElastiCache::SecurityGroup": "aws-cdk-lib/aws-elasticache.CfnSecurityGroup",
  "AWS::ElastiCache::SecurityGroupIngress": "aws-cdk-lib/aws-elasticache.CfnSecurityGroupIngress",
  "AWS::ElastiCache::SubnetGroup": "aws-cdk-lib/aws-elasticache.CfnSubnetGroup",
  "AWS::ElastiCache::User": "aws-cdk-lib/aws-elasticache.CfnUser",
  "AWS::ElastiCache::UserGroup": "aws-cdk-lib/aws-elasticache.CfnUserGroup",
  "AWS::ElasticBeanstalk::Application": "aws-cdk-lib/aws-elasticbeanstalk.CfnApplication",
  "AWS::ElasticBeanstalk::ApplicationVersion": "aws-cdk-lib/aws-elasticbeanstalk.CfnApplicationVersion",
  "AWS::ElasticBeanstalk::ConfigurationTemplate": "aws-cdk-lib/aws-elasticbeanstalk.CfnConfigurationTemplate",
  "AWS::ElasticBeanstalk::Environment": "aws-cdk-lib/aws-elasticbeanstalk.CfnEnvironment",
  "AWS::ElasticLoadBalancing::LoadBalancer": "aws-cdk-lib/aws-elasticloadbalancing.CfnLoadBalancer",
  "AWS::ElasticLoadBalancingV2::Listener": "aws-cdk-lib/aws-elasticloadbalancingv2.CfnListener",
  "AWS::ElasticLoadBalancingV2::ListenerCertificate": "aws-cdk-lib/aws-elasticloadbalancingv2.CfnListenerCertificate",
  "AWS::ElasticLoadBalancingV2::ListenerRule": "aws-cdk-lib/aws-elasticloadbalancingv2.CfnListenerRule",
  "AWS::ElasticLoadBalancingV2::LoadBalancer": "aws-cdk-lib/aws-elasticloadbalancingv2.CfnLoadBalancer",
  "AWS::ElasticLoadBalancingV2::TargetGroup": "aws-cdk-lib/aws-elasticloadbalancingv2.CfnTargetGroup",
  "AWS::Elasticsearch::Domain": "aws-cdk-lib/aws-elasticsearch.CfnDomain",
  "AWS::EMR::Cluster": "aws-cdk-lib/aws-emr.CfnCluster",
  "AWS::EMR::InstanceFleetConfig": "aws-cdk-lib/aws-emr.CfnInstanceFleetConfig",
  "AWS::EMR::InstanceGroupConfig": "aws-cdk-lib/aws-emr.CfnInstanceGroupConfig",
  "AWS::EMR::SecurityConfiguration": "aws-cdk-lib/aws-emr.CfnSecurityConfiguration",
  "AWS::EMR::Step": "aws-cdk-lib/aws-emr.CfnStep",
  "AWS::EMR::Studio": "aws-cdk-lib/aws-emr.CfnStudio",
  "AWS::EMR::StudioSessionMapping": "aws-cdk-lib/aws-emr.CfnStudioSessionMapping",
  "AWS::EMRContainers::VirtualCluster": "aws-cdk-lib/aws-emrcontainers.CfnVirtualCluster",
  "AWS::Events::ApiDestination": "aws-cdk-lib/aws-events.CfnApiDestination",
  "AWS::Events::Archive": "aws-cdk-lib/aws-events.CfnArchive",
  "AWS::Events::Connection": "aws-cdk-lib/aws-events.CfnConnection",
  "AWS::Events::Endpoint": "aws-cdk-lib/aws-events.CfnEndpoint",
  "AWS::Events::EventBus": "aws-cdk-lib/aws-events.CfnEventBus",
  "AWS::Events::EventBusPolicy": "aws-cdk-lib/aws-events.CfnEventBusPolicy",
  "AWS::Events::Rule": "aws-cdk-lib/aws-events.CfnRule",
  "AWS::EventSchemas::Discoverer": "aws-cdk-lib/aws-eventschemas.CfnDiscoverer",
  "AWS::EventSchemas::Registry": "aws-cdk-lib/aws-eventschemas.CfnRegistry",
  "AWS::EventSchemas::RegistryPolicy": "aws-cdk-lib/aws-eventschemas.CfnRegistryPolicy",
  "AWS::EventSchemas::Schema": "aws-cdk-lib/aws-eventschemas.CfnSchema",
  "AWS::Evidently::Experiment": "aws-cdk-lib/aws-evidently.CfnExperiment",
  "AWS::Evidently::Feature": "aws-cdk-lib/aws-evidently.CfnFeature",
  "AWS::Evidently::Launch": "aws-cdk-lib/aws-evidently.CfnLaunch",
  "AWS::Evidently::Project": "aws-cdk-lib/aws-evidently.CfnProject",
  "AWS::FinSpace::Environment": "aws-cdk-lib/aws-finspace.CfnEnvironment",
  "AWS::FIS::ExperimentTemplate": "aws-cdk-lib/aws-fis.CfnExperimentTemplate",
  "AWS::FMS::NotificationChannel": "aws-cdk-lib/aws-fms.CfnNotificationChannel",
  "AWS::FMS::Policy": "aws-cdk-lib/aws-fms.CfnPolicy",
  "AWS::Forecast::Dataset": "aws-cdk-lib/aws-forecast.CfnDataset",
  "AWS::Forecast::DatasetGroup": "aws-cdk-lib/aws-forecast.CfnDatasetGroup",
  "AWS::FraudDetector::Detector": "aws-cdk-lib/aws-frauddetector.CfnDetector",
  "AWS::FraudDetector::EntityType": "aws-cdk-lib/aws-frauddetector.CfnEntityType",
  "AWS::FraudDetector::EventType": "aws-cdk-lib/aws-frauddetector.CfnEventType",
  "AWS::FraudDetector::Label": "aws-cdk-lib/aws-frauddetector.CfnLabel",
  "AWS::FraudDetector::Outcome": "aws-cdk-lib/aws-frauddetector.CfnOutcome",
  "AWS::FraudDetector::Variable": "aws-cdk-lib/aws-frauddetector.CfnVariable",
  "AWS::FSx::FileSystem": "aws-cdk-lib/aws-fsx.CfnFileSystem",
  "AWS::FSx::Snapshot": "aws-cdk-lib/aws-fsx.CfnSnapshot",
  "AWS::FSx::StorageVirtualMachine": "aws-cdk-lib/aws-fsx.CfnStorageVirtualMachine",
  "AWS::FSx::Volume": "aws-cdk-lib/aws-fsx.CfnVolume",
  "AWS::GameLift::Alias": "aws-cdk-lib/aws-gamelift.CfnAlias",
  "AWS::GameLift::Build": "aws-cdk-lib/aws-gamelift.CfnBuild",
  "AWS::GameLift::Fleet": "aws-cdk-lib/aws-gamelift.CfnFleet",
  "AWS::GameLift::GameServerGroup": "aws-cdk-lib/aws-gamelift.CfnGameServerGroup",
  "AWS::GameLift::GameSessionQueue": "aws-cdk-lib/aws-gamelift.CfnGameSessionQueue",
  "AWS::GameLift::MatchmakingConfiguration": "aws-cdk-lib/aws-gamelift.CfnMatchmakingConfiguration",
  "AWS::GameLift::MatchmakingRuleSet": "aws-cdk-lib/aws-gamelift.CfnMatchmakingRuleSet",
  "AWS::GameLift::Script": "aws-cdk-lib/aws-gamelift.CfnScript",
  "AWS::GlobalAccelerator::Accelerator": "aws-cdk-lib/aws-globalaccelerator.CfnAccelerator",
  "AWS::GlobalAccelerator::EndpointGroup": "aws-cdk-lib/aws-globalaccelerator.CfnEndpointGroup",
  "AWS::GlobalAccelerator::Listener": "aws-cdk-lib/aws-globalaccelerator.CfnListener",
  "AWS::Glue::Classifier": "aws-cdk-lib/aws-glue.CfnClassifier",
  "AWS::Glue::Connection": "aws-cdk-lib/aws-glue.CfnConnection",
  "AWS::Glue::Crawler": "aws-cdk-lib/aws-glue.CfnCrawler",
  "AWS::Glue::DataCatalogEncryptionSettings": "aws-cdk-lib/aws-glue.CfnDataCatalogEncryptionSettings",
  "AWS::Glue::Database": "aws-cdk-lib/aws-glue.CfnDatabase",
  "AWS::Glue::DevEndpoint": "aws-cdk-lib/aws-glue.CfnDevEndpoint",
  "AWS::Glue::Job": "aws-cdk-lib/aws-glue.CfnJob",
  "AWS::Glue::MLTransform": "aws-cdk-lib/aws-glue.CfnMLTransform",
  "AWS::Glue::Partition": "aws-cdk-lib/aws-glue.CfnPartition",
  "AWS::Glue::Registry": "aws-cdk-lib/aws-glue.CfnRegistry",
  "AWS::Glue::Schema": "aws-cdk-lib/aws-glue.CfnSchema",
  "AWS::Glue::SchemaVersion": "aws-cdk-lib/aws-glue.CfnSchemaVersion",
  "AWS::Glue::SchemaVersionMetadata": "aws-cdk-lib/aws-glue.CfnSchemaVersionMetadata",
  "AWS::Glue::SecurityConfiguration": "aws-cdk-lib/aws-glue.CfnSecurityConfiguration",
  "AWS::Glue::Table": "aws-cdk-lib/aws-glue.CfnTable",
  "AWS::Glue::Trigger": "aws-cdk-lib/aws-glue.CfnTrigger",
  "AWS::Glue::Workflow": "aws-cdk-lib/aws-glue.CfnWorkflow",
  "AWS::Greengrass::ConnectorDefinition": "aws-cdk-lib/aws-greengrass.CfnConnectorDefinition",
  "AWS::Greengrass::ConnectorDefinitionVersion": "aws-cdk-lib/aws-greengrass.CfnConnectorDefinitionVersion",
  "AWS::Greengrass::CoreDefinition": "aws-cdk-lib/aws-greengrass.CfnCoreDefinition",
  "AWS::Greengrass::CoreDefinitionVersion": "aws-cdk-lib/aws-greengrass.CfnCoreDefinitionVersion",
  "AWS::Greengrass::DeviceDefinition": "aws-cdk-lib/aws-greengrass.CfnDeviceDefinition",
  "AWS::Greengrass::DeviceDefinitionVersion": "aws-cdk-lib/aws-greengrass.CfnDeviceDefinitionVersion",
  "AWS::Greengrass::FunctionDefinition": "aws-cdk-lib/aws-greengrass.CfnFunctionDefinition",
  "AWS::Greengrass::FunctionDefinitionVersion": "aws-cdk-lib/aws-greengrass.CfnFunctionDefinitionVersion",
  "AWS::Greengrass::Group": "aws-cdk-lib/aws-greengrass.CfnGroup",
  "AWS::Greengrass::GroupVersion": "aws-cdk-lib/aws-greengrass.CfnGroupVersion",
  "AWS::Greengrass::LoggerDefinition": "aws-cdk-lib/aws-greengrass.CfnLoggerDefinition",
  "AWS::Greengrass::LoggerDefinitionVersion": "aws-cdk-lib/aws-greengrass.CfnLoggerDefinitionVersion",
  "AWS::Greengrass::ResourceDefinition": "aws-cdk-lib/aws-greengrass.CfnResourceDefinition",
  "AWS::Greengrass::ResourceDefinitionVersion": "aws-cdk-lib/aws-greengrass.CfnResourceDefinitionVersion",
  "AWS::Greengrass::SubscriptionDefinition": "aws-cdk-lib/aws-greengrass.CfnSubscriptionDefinition",
  "AWS::Greengrass::SubscriptionDefinitionVersion": "aws-cdk-lib/aws-greengrass.CfnSubscriptionDefinitionVersion",
  "AWS::GreengrassV2::ComponentVersion": "aws-cdk-lib/aws-greengrassv2.CfnComponentVersion",
  "AWS::GroundStation::Config": "aws-cdk-lib/aws-groundstation.CfnConfig",
  "AWS::GroundStation::DataflowEndpointGroup": "aws-cdk-lib/aws-groundstation.CfnDataflowEndpointGroup",
  "AWS::GroundStation::MissionProfile": "aws-cdk-lib/aws-groundstation.CfnMissionProfile",
  "AWS::GuardDuty::Detector": "aws-cdk-lib/aws-guardduty.CfnDetector",
  "AWS::GuardDuty::Filter": "aws-cdk-lib/aws-guardduty.CfnFilter",
  "AWS::GuardDuty::IPSet": "aws-cdk-lib/aws-guardduty.CfnIPSet",
  "AWS::GuardDuty::Master": "aws-cdk-lib/aws-guardduty.CfnMaster",
  "AWS::GuardDuty::Member": "aws-cdk-lib/aws-guardduty.CfnMember",
  "AWS::GuardDuty::ThreatIntelSet": "aws-cdk-lib/aws-guardduty.CfnThreatIntelSet",
  "AWS::HealthLake::FHIRDatastore": "aws-cdk-lib/aws-healthlake.CfnFHIRDatastore",
  "AWS::IAM::AccessKey": "aws-cdk-lib/aws-iam.CfnAccessKey",
  "AWS::IAM::Group": "aws-cdk-lib/aws-iam.CfnGroup",
  "AWS::IAM::InstanceProfile": "aws-cdk-lib/aws-iam.CfnInstanceProfile",
  "AWS::IAM::ManagedPolicy": "aws-cdk-lib/aws-iam.CfnManagedPolicy",
  "AWS::IAM::OIDCProvider": "aws-cdk-lib/aws-iam.CfnOIDCProvider",
  "AWS::IAM::Policy": "aws-cdk-lib/aws-iam.CfnPolicy",
  "AWS::IAM::Role": "aws-cdk-lib/aws-iam.CfnRole",
  "AWS::IAM::SAMLProvider": "aws-cdk-lib/aws-iam.CfnSAMLProvider",
  "AWS::IAM::ServerCertificate": "aws-cdk-lib/aws-iam.CfnServerCertificate",
  "AWS::IAM::ServiceLinkedRole": "aws-cdk-lib/aws-iam.CfnServiceLinkedRole",
  "AWS::IAM::User": "aws-cdk-lib/aws-iam.CfnUser",
  "AWS::IAM::UserToGroupAddition": "aws-cdk-lib/aws-iam.CfnUserToGroupAddition",
  "AWS::IAM::VirtualMFADevice": "aws-cdk-lib/aws-iam.CfnVirtualMFADevice",
  "AWS::ImageBuilder::Component": "aws-cdk-lib/aws-imagebuilder.CfnComponent",
  "AWS::ImageBuilder::ContainerRecipe": "aws-cdk-lib/aws-imagebuilder.CfnContainerRecipe",
  "AWS::ImageBuilder::DistributionConfiguration": "aws-cdk-lib/aws-imagebuilder.CfnDistributionConfiguration",
  "AWS::ImageBuilder::Image": "aws-cdk-lib/aws-imagebuilder.CfnImage",
  "AWS::ImageBuilder::ImagePipeline": "aws-cdk-lib/aws-imagebuilder.CfnImagePipeline",
  "AWS::ImageBuilder::ImageRecipe": "aws-cdk-lib/aws-imagebuilder.CfnImageRecipe",
  "AWS::ImageBuilder::InfrastructureConfiguration": "aws-cdk-lib/aws-imagebuilder.CfnInfrastructureConfiguration",
  "AWS::Inspector::AssessmentTarget": "aws-cdk-lib/aws-inspector.CfnAssessmentTarget",
  "AWS::Inspector::AssessmentTemplate": "aws-cdk-lib/aws-inspector.CfnAssessmentTemplate",
  "AWS::Inspector::ResourceGroup": "aws-cdk-lib/aws-inspector.CfnResourceGroup",
  "AWS::InspectorV2::Filter": "aws-cdk-lib/aws-inspectorv2.CfnFilter",
  "AWS::IoT::AccountAuditConfiguration": "aws-cdk-lib/aws-iot.CfnAccountAuditConfiguration",
  "AWS::IoT::Authorizer": "aws-cdk-lib/aws-iot.CfnAuthorizer",
  "AWS::IoT::Certificate": "aws-cdk-lib/aws-iot.CfnCertificate",
  "AWS::IoT::CustomMetric": "aws-cdk-lib/aws-iot.CfnCustomMetric",
  "AWS::IoT::Dimension": "aws-cdk-lib/aws-iot.CfnDimension",
  "AWS::IoT::DomainConfiguration": "aws-cdk-lib/aws-iot.CfnDomainConfiguration",
  "AWS::IoT::FleetMetric": "aws-cdk-lib/aws-iot.CfnFleetMetric",
  "AWS::IoT::JobTemplate": "aws-cdk-lib/aws-iot.CfnJobTemplate",
  "AWS::IoT::Logging": "aws-cdk-lib/aws-iot.CfnLogging",
  "AWS::IoT::MitigationAction": "aws-cdk-lib/aws-iot.CfnMitigationAction",
  "AWS::IoT::Policy": "aws-cdk-lib/aws-iot.CfnPolicy",
  "AWS::IoT::PolicyPrincipalAttachment": "aws-cdk-lib/aws-iot.CfnPolicyPrincipalAttachment",
  "AWS::IoT::ProvisioningTemplate": "aws-cdk-lib/aws-iot.CfnProvisioningTemplate",
  "AWS::IoT::ResourceSpecificLogging": "aws-cdk-lib/aws-iot.CfnResourceSpecificLogging",
  "AWS::IoT::RoleAlias": "aws-cdk-lib/aws-iot.CfnRoleAlias",
  "AWS::IoT::ScheduledAudit": "aws-cdk-lib/aws-iot.CfnScheduledAudit",
  "AWS::IoT::SecurityProfile": "aws-cdk-lib/aws-iot.CfnSecurityProfile",
  "AWS::IoT::Thing": "aws-cdk-lib/aws-iot.CfnThing",
  "AWS::IoT::ThingPrincipalAttachment": "aws-cdk-lib/aws-iot.CfnThingPrincipalAttachment",
  "AWS::IoT::TopicRule": "aws-cdk-lib/aws-iot.CfnTopicRule",
  "AWS::IoT::TopicRuleDestination": "aws-cdk-lib/aws-iot.CfnTopicRuleDestination",
  "AWS::IoT1Click::Device": "aws-cdk-lib/aws-iot1click.CfnDevice",
  "AWS::IoT1Click::Placement": "aws-cdk-lib/aws-iot1click.CfnPlacement",
  "AWS::IoT1Click::Project": "aws-cdk-lib/aws-iot1click.CfnProject",
  "AWS::IoTAnalytics::Channel": "aws-cdk-lib/aws-iotanalytics.CfnChannel",
  "AWS::IoTAnalytics::Dataset": "aws-cdk-lib/aws-iotanalytics.CfnDataset",
  "AWS::IoTAnalytics::Datastore": "aws-cdk-lib/aws-iotanalytics.CfnDatastore",
  "AWS::IoTAnalytics::Pipeline": "aws-cdk-lib/aws-iotanalytics.CfnPipeline",
  "AWS::IoTCoreDeviceAdvisor::SuiteDefinition": "aws-cdk-lib/aws-iotcoredeviceadvisor.CfnSuiteDefinition",
  "AWS::IoTEvents::AlarmModel": "aws-cdk-lib/aws-iotevents.CfnAlarmModel",
  "AWS::IoTEvents::DetectorModel": "aws-cdk-lib/aws-iotevents.CfnDetectorModel",
  "AWS::IoTEvents::Input": "aws-cdk-lib/aws-iotevents.CfnInput",
  "AWS::IoTFleetHub::Application": "aws-cdk-lib/aws-iotfleethub.CfnApplication",
  "AWS::IoTSiteWise::AccessPolicy": "aws-cdk-lib/aws-iotsitewise.CfnAccessPolicy",
  "AWS::IoTSiteWise::Asset": "aws-cdk-lib/aws-iotsitewise.CfnAsset",
  "AWS::IoTSiteWise::AssetModel": "aws-cdk-lib/aws-iotsitewise.CfnAssetModel",
  "AWS::IoTSiteWise::Dashboard": "aws-cdk-lib/aws-iotsitewise.CfnDashboard",
  "AWS::IoTSiteWise::Gateway": "aws-cdk-lib/aws-iotsitewise.CfnGateway",
  "AWS::IoTSiteWise::Portal": "aws-cdk-lib/aws-iotsitewise.CfnPortal",
  "AWS::IoTSiteWise::Project": "aws-cdk-lib/aws-iotsitewise.CfnProject",
  "AWS::IoTThingsGraph::FlowTemplate": "aws-cdk-lib/aws-iotthingsgraph.CfnFlowTemplate",
  "AWS::IoTTwinMaker::ComponentType": "aws-cdk-lib/aws-iottwinmaker.CfnComponentType",
  "AWS::IoTTwinMaker::Entity": "aws-cdk-lib/aws-iottwinmaker.CfnEntity",
  "AWS::IoTTwinMaker::Scene": "aws-cdk-lib/aws-iottwinmaker.CfnScene",
  "AWS::IoTTwinMaker::Workspace": "aws-cdk-lib/aws-iottwinmaker.CfnWorkspace",
  "AWS::IoTWireless::Destination": "aws-cdk-lib/aws-iotwireless.CfnDestination",
  "AWS::IoTWireless::DeviceProfile": "aws-cdk-lib/aws-iotwireless.CfnDeviceProfile",
  "AWS::IoTWireless::FuotaTask": "aws-cdk-lib/aws-iotwireless.CfnFuotaTask",
  "AWS::IoTWireless::MulticastGroup": "aws-cdk-lib/aws-iotwireless.CfnMulticastGroup",
  "AWS::IoTWireless::PartnerAccount": "aws-cdk-lib/aws-iotwireless.CfnPartnerAccount",
  "AWS::IoTWireless::ServiceProfile": "aws-cdk-lib/aws-iotwireless.CfnServiceProfile",
  "AWS::IoTWireless::TaskDefinition": "aws-cdk-lib/aws-iotwireless.CfnTaskDefinition",
  "AWS::IoTWireless::WirelessDevice": "aws-cdk-lib/aws-iotwireless.CfnWirelessDevice",
  "AWS::IoTWireless::WirelessGateway": "aws-cdk-lib/aws-iotwireless.CfnWirelessGateway",
  "AWS::IVS::Channel": "aws-cdk-lib/aws-ivs.CfnChannel",
  "AWS::IVS::PlaybackKeyPair": "aws-cdk-lib/aws-ivs.CfnPlaybackKeyPair",
  "AWS::IVS::RecordingConfiguration": "aws-cdk-lib/aws-ivs.CfnRecordingConfiguration",
  "AWS::IVS::StreamKey": "aws-cdk-lib/aws-ivs.CfnStreamKey",
  "AWS::KafkaConnect::Connector": "aws-cdk-lib/aws-kafkaconnect.CfnConnector",
  "AWS::Kendra::DataSource": "aws-cdk-lib/aws-kendra.CfnDataSource",
  "AWS::Kendra::Faq": "aws-cdk-lib/aws-kendra.CfnFaq",
  "AWS::Kendra::Index": "aws-cdk-lib/aws-kendra.CfnIndex",
  "AWS::Kinesis::Stream": "aws-cdk-lib/aws-kinesis.CfnStream",
  "AWS::Kinesis::StreamConsumer": "aws-cdk-lib/aws-kinesis.CfnStreamConsumer",
  "AWS::KinesisAnalytics::Application": "aws-cdk-lib/aws-kinesisanalytics.CfnApplication",
  "AWS::KinesisAnalyticsV2::ApplicationCloudWatchLoggingOption": "aws-cdk-lib/aws-kinesisanalyticsv2.CfnApplicationCloudWatchLoggingOption",
  "AWS::KinesisAnalytics::ApplicationOutput": "aws-cdk-lib/aws-kinesisanalytics.CfnApplicationOutput",
  "AWS::KinesisAnalyticsV2::ApplicationOutput": "aws-cdk-lib/aws-kinesisanalyticsv2.CfnApplicationOutput",
  "AWS::KinesisAnalytics::ApplicationReferenceDataSource": "aws-cdk-lib/aws-kinesisanalytics.CfnApplicationReferenceDataSource",
  "AWS::KinesisAnalyticsV2::ApplicationReferenceDataSource": "aws-cdk-lib/aws-kinesisanalyticsv2.CfnApplicationReferenceDataSource",
  "AWS::KinesisAnalyticsV2::Application": "aws-cdk-lib/aws-kinesisanalyticsv2.CfnApplication",
  "AWS::KinesisFirehose::DeliveryStream": "aws-cdk-lib/aws-kinesisfirehose.CfnDeliveryStream",
  "AWS::KinesisVideo::SignalingChannel": "aws-cdk-lib/aws-kinesisvideo.CfnSignalingChannel",
  "AWS::KinesisVideo::Stream": "aws-cdk-lib/aws-kinesisvideo.CfnStream",
  "AWS::KMS::Alias": "aws-cdk-lib/aws-kms.CfnAlias",
  "AWS::KMS::Key": "aws-cdk-lib/aws-kms.CfnKey",
  "AWS::KMS::ReplicaKey": "aws-cdk-lib/aws-kms.CfnReplicaKey",
  "AWS::LakeFormation::DataLakeSettings": "aws-cdk-lib/aws-lakeformation.CfnDataLakeSettings",
  "AWS::LakeFormation::Permissions": "aws-cdk-lib/aws-lakeformation.CfnPermissions",
  "AWS::LakeFormation::Resource": "aws-cdk-lib/aws-lakeformation.CfnResource",
  "AWS::Lambda::Alias": "aws-cdk-lib/aws-lambda.CfnAlias",
  "AWS::Lambda::CodeSigningConfig": "aws-cdk-lib/aws-lambda.CfnCodeSigningConfig",
  "AWS::Lambda::EventInvokeConfig": "aws-cdk-lib/aws-lambda.CfnEventInvokeConfig",
  "AWS::Lambda::EventSourceMapping": "aws-cdk-lib/aws-lambda.CfnEventSourceMapping",
  "AWS::Lambda::Function": "aws-cdk-lib/aws-lambda.CfnFunction",
  "AWS::Lambda::LayerVersion": "aws-cdk-lib/aws-lambda.CfnLayerVersion",
  "AWS::Lambda::LayerVersionPermission": "aws-cdk-lib/aws-lambda.CfnLayerVersionPermission",
  "AWS::Lambda::Permission": "aws-cdk-lib/aws-lambda.CfnPermission",
  "AWS::Lambda::Url": "aws-cdk-lib/aws-lambda.CfnUrl",
  "AWS::Lambda::Version": "aws-cdk-lib/aws-lambda.CfnVersion",
  "AWS::Lex::Bot": "aws-cdk-lib/aws-lex.CfnBot",
  "AWS::Lex::BotAlias": "aws-cdk-lib/aws-lex.CfnBotAlias",
  "AWS::Lex::BotVersion": "aws-cdk-lib/aws-lex.CfnBotVersion",
  "AWS::Lex::ResourcePolicy": "aws-cdk-lib/aws-lex.CfnResourcePolicy",
  "AWS::LicenseManager::Grant": "aws-cdk-lib/aws-licensemanager.CfnGrant",
  "AWS::LicenseManager::License": "aws-cdk-lib/aws-licensemanager.CfnLicense",
  "AWS::Lightsail::Alarm": "aws-cdk-lib/aws-lightsail.CfnAlarm",
  "AWS::Lightsail::Bucket": "aws-cdk-lib/aws-lightsail.CfnBucket",
  "AWS::Lightsail::Certificate": "aws-cdk-lib/aws-lightsail.CfnCertificate",
  "AWS::Lightsail::Container": "aws-cdk-lib/aws-lightsail.CfnContainer",
  "AWS::Lightsail::Database": "aws-cdk-lib/aws-lightsail.CfnDatabase",
  "AWS::Lightsail::Disk": "aws-cdk-lib/aws-lightsail.CfnDisk",
  "AWS::Lightsail::Distribution": "aws-cdk-lib/aws-lightsail.CfnDistribution",
  "AWS::Lightsail::Instance": "aws-cdk-lib/aws-lightsail.CfnInstance",
  "AWS::Lightsail::LoadBalancer": "aws-cdk-lib/aws-lightsail.CfnLoadBalancer",
  "AWS::Lightsail::LoadBalancerTlsCertificate": "aws-cdk-lib/aws-lightsail.CfnLoadBalancerTlsCertificate",
  "AWS::Lightsail::StaticIp": "aws-cdk-lib/aws-lightsail.CfnStaticIp",
  "AWS::Location::GeofenceCollection": "aws-cdk-lib/aws-location.CfnGeofenceCollection",
  "AWS::Location::Map": "aws-cdk-lib/aws-location.CfnMap",
  "AWS::Location::PlaceIndex": "aws-cdk-lib/aws-location.CfnPlaceIndex",
  "AWS::Location::RouteCalculator": "aws-cdk-lib/aws-location.CfnRouteCalculator",
  "AWS::Location::Tracker": "aws-cdk-lib/aws-location.CfnTracker",
  "AWS::Location::TrackerConsumer": "aws-cdk-lib/aws-location.CfnTrackerConsumer",
  "AWS::Logs::Destination": "aws-cdk-lib/aws-logs.CfnDestination",
  "AWS::Logs::LogGroup": "aws-cdk-lib/aws-logs.CfnLogGroup",
  "AWS::Logs::LogStream": "aws-cdk-lib/aws-logs.CfnLogStream",
  "AWS::Logs::MetricFilter": "aws-cdk-lib/aws-logs.CfnMetricFilter",
  "AWS::Logs::QueryDefinition": "aws-cdk-lib/aws-logs.CfnQueryDefinition",
  "AWS::Logs::ResourcePolicy": "aws-cdk-lib/aws-logs.CfnResourcePolicy",
  "AWS::Logs::SubscriptionFilter": "aws-cdk-lib/aws-logs.CfnSubscriptionFilter",
  "AWS::LookoutEquipment::InferenceScheduler": "aws-cdk-lib/aws-lookoutequipment.CfnInferenceScheduler",
  "AWS::LookoutMetrics::Alert": "aws-cdk-lib/aws-lookoutmetrics.CfnAlert",
  "AWS::LookoutMetrics::AnomalyDetector": "aws-cdk-lib/aws-lookoutmetrics.CfnAnomalyDetector",
  "AWS::LookoutVision::Project": "aws-cdk-lib/aws-lookoutvision.CfnProject",
  "AWS::Macie::CustomDataIdentifier": "aws-cdk-lib/aws-macie.CfnCustomDataIdentifier",
  "AWS::Macie::FindingsFilter": "aws-cdk-lib/aws-macie.CfnFindingsFilter",
  "AWS::Macie::Session": "aws-cdk-lib/aws-macie.CfnSession",
  "AWS::ManagedBlockchain::Member": "aws-cdk-lib/aws-managedblockchain.CfnMember",
  "AWS::ManagedBlockchain::Node": "aws-cdk-lib/aws-managedblockchain.CfnNode",
  "AWS::MediaConnect::Flow": "aws-cdk-lib/aws-mediaconnect.CfnFlow",
  "AWS::MediaConnect::FlowEntitlement": "aws-cdk-lib/aws-mediaconnect.CfnFlowEntitlement",
  "AWS::MediaConnect::FlowOutput": "aws-cdk-lib/aws-mediaconnect.CfnFlowOutput",
  "AWS::MediaConnect::FlowSource": "aws-cdk-lib/aws-mediaconnect.CfnFlowSource",
  "AWS::MediaConnect::FlowVpcInterface": "aws-cdk-lib/aws-mediaconnect.CfnFlowVpcInterface",
  "AWS::MediaConvert::JobTemplate": "aws-cdk-lib/aws-mediaconvert.CfnJobTemplate",
  "AWS::MediaConvert::Preset": "aws-cdk-lib/aws-mediaconvert.CfnPreset",
  "AWS::MediaConvert::Queue": "aws-cdk-lib/aws-mediaconvert.CfnQueue",
  "AWS::MediaLive::Channel": "aws-cdk-lib/aws-medialive.CfnChannel",
  "AWS::MediaLive::Input": "aws-cdk-lib/aws-medialive.CfnInput",
  "AWS::MediaLive::InputSecurityGroup": "aws-cdk-lib/aws-medialive.CfnInputSecurityGroup",
  "AWS::MediaPackage::Asset": "aws-cdk-lib/aws-mediapackage.CfnAsset",
  "AWS::MediaPackage::Channel": "aws-cdk-lib/aws-mediapackage.CfnChannel",
  "AWS::MediaPackage::OriginEndpoint": "aws-cdk-lib/aws-mediapackage.CfnOriginEndpoint",
  "AWS::MediaPackage::PackagingConfiguration": "aws-cdk-lib/aws-mediapackage.CfnPackagingConfiguration",
  "AWS::MediaPackage::PackagingGroup": "aws-cdk-lib/aws-mediapackage.CfnPackagingGroup",
  "AWS::MediaStore::Container": "aws-cdk-lib/aws-mediastore.CfnContainer",
  "AWS::MediaTailor::PlaybackConfiguration": "aws-cdk-lib/aws-mediatailor.CfnPlaybackConfiguration",
  "AWS::MemoryDB::ACL": "aws-cdk-lib/aws-memorydb.CfnACL",
  "AWS::MemoryDB::Cluster": "aws-cdk-lib/aws-memorydb.CfnCluster",
  "AWS::MemoryDB::ParameterGroup": "aws-cdk-lib/aws-memorydb.CfnParameterGroup",
  "AWS::MemoryDB::SubnetGroup": "aws-cdk-lib/aws-memorydb.CfnSubnetGroup",
  "AWS::MemoryDB::User": "aws-cdk-lib/aws-memorydb.CfnUser",
  "AWS::MSK::BatchScramSecret": "aws-cdk-lib/aws-msk.CfnBatchScramSecret",
  "AWS::MSK::Cluster": "aws-cdk-lib/aws-msk.CfnCluster",
  "AWS::MSK::Configuration": "aws-cdk-lib/aws-msk.CfnConfiguration",
  "AWS::MWAA::Environment": "aws-cdk-lib/aws-mwaa.CfnEnvironment",
  "AWS::Neptune::DBCluster": "aws-cdk-lib/aws-neptune.CfnDBCluster",
  "AWS::Neptune::DBClusterParameterGroup": "aws-cdk-lib/aws-neptune.CfnDBClusterParameterGroup",
  "AWS::Neptune::DBInstance": "aws-cdk-lib/aws-neptune.CfnDBInstance",
  "AWS::Neptune::DBParameterGroup": "aws-cdk-lib/aws-neptune.CfnDBParameterGroup",
  "AWS::Neptune::DBSubnetGroup": "aws-cdk-lib/aws-neptune.CfnDBSubnetGroup",
  "AWS::NetworkFirewall::Firewall": "aws-cdk-lib/aws-networkfirewall.CfnFirewall",
  "AWS::NetworkFirewall::FirewallPolicy": "aws-cdk-lib/aws-networkfirewall.CfnFirewallPolicy",
  "AWS::NetworkFirewall::LoggingConfiguration": "aws-cdk-lib/aws-networkfirewall.CfnLoggingConfiguration",
  "AWS::NetworkFirewall::RuleGroup": "aws-cdk-lib/aws-networkfirewall.CfnRuleGroup",
  "AWS::NetworkManager::ConnectAttachment": "aws-cdk-lib/aws-networkmanager.CfnConnectAttachment",
  "AWS::NetworkManager::ConnectPeer": "aws-cdk-lib/aws-networkmanager.CfnConnectPeer",
  "AWS::NetworkManager::CoreNetwork": "aws-cdk-lib/aws-networkmanager.CfnCoreNetwork",
  "AWS::NetworkManager::CustomerGatewayAssociation": "aws-cdk-lib/aws-networkmanager.CfnCustomerGatewayAssociation",
  "AWS::NetworkManager::Device": "aws-cdk-lib/aws-networkmanager.CfnDevice",
  "AWS::NetworkManager::GlobalNetwork": "aws-cdk-lib/aws-networkmanager.CfnGlobalNetwork",
  "AWS::NetworkManager::Link": "aws-cdk-lib/aws-networkmanager.CfnLink",
  "AWS::NetworkManager::LinkAssociation": "aws-cdk-lib/aws-networkmanager.CfnLinkAssociation",
  "AWS::NetworkManager::Site": "aws-cdk-lib/aws-networkmanager.CfnSite",
  "AWS::NetworkManager::SiteToSiteVpnAttachment": "aws-cdk-lib/aws-networkmanager.CfnSiteToSiteVpnAttachment",
  "AWS::NetworkManager::TransitGatewayRegistration": "aws-cdk-lib/aws-networkmanager.CfnTransitGatewayRegistration",
  "AWS::NetworkManager::VpcAttachment": "aws-cdk-lib/aws-networkmanager.CfnVpcAttachment",
  "AWS::NimbleStudio::LaunchProfile": "aws-cdk-lib/aws-nimblestudio.CfnLaunchProfile",
  "AWS::NimbleStudio::StreamingImage": "aws-cdk-lib/aws-nimblestudio.CfnStreamingImage",
  "AWS::NimbleStudio::Studio": "aws-cdk-lib/aws-nimblestudio.CfnStudio",
  "AWS::NimbleStudio::StudioComponent": "aws-cdk-lib/aws-nimblestudio.CfnStudioComponent",
  "AWS::OpenSearchService::Domain": "aws-cdk-lib/aws-opensearchservice.CfnDomain",
  "AWS::OpsWorks::App": "aws-cdk-lib/aws-opsworks.CfnApp",
  "AWS::OpsWorks::ElasticLoadBalancerAttachment": "aws-cdk-lib/aws-opsworks.CfnElasticLoadBalancerAttachment",
  "AWS::OpsWorks::Instance": "aws-cdk-lib/aws-opsworks.CfnInstance",
  "AWS::OpsWorks::Layer": "aws-cdk-lib/aws-opsworks.CfnLayer",
  "AWS::OpsWorks::Stack": "aws-cdk-lib/aws-opsworks.CfnStack",
  "AWS::OpsWorks::UserProfile": "aws-cdk-lib/aws-opsworks.CfnUserProfile",
  "AWS::OpsWorks::Volume": "aws-cdk-lib/aws-opsworks.CfnVolume",
  "AWS::OpsWorksCM::Server": "aws-cdk-lib/aws-opsworkscm.CfnServer",
  "AWS::Panorama::ApplicationInstance": "aws-cdk-lib/aws-panorama.CfnApplicationInstance",
  "AWS::Panorama::Package": "aws-cdk-lib/aws-panorama.CfnPackage",
  "AWS::Panorama::PackageVersion": "aws-cdk-lib/aws-panorama.CfnPackageVersion",
  "AWS::Personalize::Dataset": "aws-cdk-lib/aws-personalize.CfnDataset",
  "AWS::Personalize::DatasetGroup": "aws-cdk-lib/aws-personalize.CfnDatasetGroup",
  "AWS::Personalize::Schema": "aws-cdk-lib/aws-personalize.CfnSchema",
  "AWS::Personalize::Solution": "aws-cdk-lib/aws-personalize.CfnSolution",
  "AWS::Pinpoint::ADMChannel": "aws-cdk-lib/aws-pinpoint.CfnADMChannel",
  "AWS::Pinpoint::APNSChannel": "aws-cdk-lib/aws-pinpoint.CfnAPNSChannel",
  "AWS::Pinpoint::APNSSandboxChannel": "aws-cdk-lib/aws-pinpoint.CfnAPNSSandboxChannel",
  "AWS::Pinpoint::APNSVoipChannel": "aws-cdk-lib/aws-pinpoint.CfnAPNSVoipChannel",
  "AWS::Pinpoint::APNSVoipSandboxChannel": "aws-cdk-lib/aws-pinpoint.CfnAPNSVoipSandboxChannel",
  "AWS::Pinpoint::App": "aws-cdk-lib/aws-pinpoint.CfnApp",
  "AWS::Pinpoint::ApplicationSettings": "aws-cdk-lib/aws-pinpoint.CfnApplicationSettings",
  "AWS::Pinpoint::BaiduChannel": "aws-cdk-lib/aws-pinpoint.CfnBaiduChannel",
  "AWS::Pinpoint::Campaign": "aws-cdk-lib/aws-pinpoint.CfnCampaign",
  "AWS::Pinpoint::EmailChannel": "aws-cdk-lib/aws-pinpoint.CfnEmailChannel",
  "AWS::Pinpoint::EmailTemplate": "aws-cdk-lib/aws-pinpoint.CfnEmailTemplate",
  "AWS::Pinpoint::EventStream": "aws-cdk-lib/aws-pinpoint.CfnEventStream",
  "AWS::Pinpoint::GCMChannel": "aws-cdk-lib/aws-pinpoint.CfnGCMChannel",
  "AWS::Pinpoint::InAppTemplate": "aws-cdk-lib/aws-pinpoint.CfnInAppTemplate",
  "AWS::Pinpoint::PushTemplate": "aws-cdk-lib/aws-pinpoint.CfnPushTemplate",
  "AWS::Pinpoint::SMSChannel": "aws-cdk-lib/aws-pinpoint.CfnSMSChannel",
  "AWS::Pinpoint::Segment": "aws-cdk-lib/aws-pinpoint.CfnSegment",
  "AWS::Pinpoint::SmsTemplate": "aws-cdk-lib/aws-pinpoint.CfnSmsTemplate",
  "AWS::Pinpoint::VoiceChannel": "aws-cdk-lib/aws-pinpoint.CfnVoiceChannel",
  "AWS::PinpointEmail::ConfigurationSet": "aws-cdk-lib/aws-pinpointemail.CfnConfigurationSet",
  "AWS::PinpointEmail::ConfigurationSetEventDestination": "aws-cdk-lib/aws-pinpointemail.CfnConfigurationSetEventDestination",
  "AWS::PinpointEmail::DedicatedIpPool": "aws-cdk-lib/aws-pinpointemail.CfnDedicatedIpPool",
  "AWS::PinpointEmail::Identity": "aws-cdk-lib/aws-pinpointemail.CfnIdentity",
  "AWS::QLDB::Ledger": "aws-cdk-lib/aws-qldb.CfnLedger",
  "AWS::QLDB::Stream": "aws-cdk-lib/aws-qldb.CfnStream",
  "AWS::QuickSight::Analysis": "aws-cdk-lib/aws-quicksight.CfnAnalysis",
  "AWS::QuickSight::Dashboard": "aws-cdk-lib/aws-quicksight.CfnDashboard",
  "AWS::QuickSight::DataSet": "aws-cdk-lib/aws-quicksight.CfnDataSet",
  "AWS::QuickSight::DataSource": "aws-cdk-lib/aws-quicksight.CfnDataSource",
  "AWS::QuickSight::Template": "aws-cdk-lib/aws-quicksight.CfnTemplate",
  "AWS::QuickSight::Theme": "aws-cdk-lib/aws-quicksight.CfnTheme",
  "AWS::RAM::ResourceShare": "aws-cdk-lib/aws-ram.CfnResourceShare",
  "AWS::RDS::DBCluster": "aws-cdk-lib/aws-rds.CfnDBCluster",
  "AWS::RDS::DBClusterParameterGroup": "aws-cdk-lib/aws-rds.CfnDBClusterParameterGroup",
  "AWS::RDS::DBInstance": "aws-cdk-lib/aws-rds.CfnDBInstance",
  "AWS::RDS::DBParameterGroup": "aws-cdk-lib/aws-rds.CfnDBParameterGroup",
  "AWS::RDS::DBProxy": "aws-cdk-lib/aws-rds.CfnDBProxy",
  "AWS::RDS::DBProxyEndpoint": "aws-cdk-lib/aws-rds.CfnDBProxyEndpoint",
  "AWS::RDS::DBProxyTargetGroup": "aws-cdk-lib/aws-rds.CfnDBProxyTargetGroup",
  "AWS::RDS::DBSecurityGroup": "aws-cdk-lib/aws-rds.CfnDBSecurityGroup",
  "AWS::RDS::DBSecurityGroupIngress": "aws-cdk-lib/aws-rds.CfnDBSecurityGroupIngress",
  "AWS::RDS::DBSubnetGroup": "aws-cdk-lib/aws-rds.CfnDBSubnetGroup",
  "AWS::RDS::EventSubscription": "aws-cdk-lib/aws-rds.CfnEventSubscription",
  "AWS::RDS::GlobalCluster": "aws-cdk-lib/aws-rds.CfnGlobalCluster",
  "AWS::RDS::OptionGroup": "aws-cdk-lib/aws-rds.CfnOptionGroup",
  "AWS::Redshift::Cluster": "aws-cdk-lib/aws-redshift.CfnCluster",
  "AWS::Redshift::ClusterParameterGroup": "aws-cdk-lib/aws-redshift.CfnClusterParameterGroup",
  "AWS::Redshift::ClusterSecurityGroup": "aws-cdk-lib/aws-redshift.CfnClusterSecurityGroup",
  "AWS::Redshift::ClusterSecurityGroupIngress": "aws-cdk-lib/aws-redshift.CfnClusterSecurityGroupIngress",
  "AWS::Redshift::ClusterSubnetGroup": "aws-cdk-lib/aws-redshift.CfnClusterSubnetGroup",
  "AWS::Redshift::EndpointAccess": "aws-cdk-lib/aws-redshift.CfnEndpointAccess",
  "AWS::Redshift::EndpointAuthorization": "aws-cdk-lib/aws-redshift.CfnEndpointAuthorization",
  "AWS::Redshift::EventSubscription": "aws-cdk-lib/aws-redshift.CfnEventSubscription",
  "AWS::Redshift::ScheduledAction": "aws-cdk-lib/aws-redshift.CfnScheduledAction",
  "AWS::RefactorSpaces::Application": "aws-cdk-lib/aws-refactorspaces.CfnApplication",
  "AWS::RefactorSpaces::Environment": "aws-cdk-lib/aws-refactorspaces.CfnEnvironment",
  "AWS::RefactorSpaces::Route": "aws-cdk-lib/aws-refactorspaces.CfnRoute",
  "AWS::RefactorSpaces::Service": "aws-cdk-lib/aws-refactorspaces.CfnService",
  "AWS::Rekognition::Collection": "aws-cdk-lib/aws-rekognition.CfnCollection",
  "AWS::Rekognition::Project": "aws-cdk-lib/aws-rekognition.CfnProject",
  "AWS::ResilienceHub::App": "aws-cdk-lib/aws-resiliencehub.CfnApp",
  "AWS::ResilienceHub::ResiliencyPolicy": "aws-cdk-lib/aws-resiliencehub.CfnResiliencyPolicy",
  "AWS::ResourceGroups::Group": "aws-cdk-lib/aws-resourcegroups.CfnGroup",
  "AWS::RoboMaker::Fleet": "aws-cdk-lib/aws-robomaker.CfnFleet",
  "AWS::RoboMaker::Robot": "aws-cdk-lib/aws-robomaker.CfnRobot",
  "AWS::RoboMaker::RobotApplication": "aws-cdk-lib/aws-robomaker.CfnRobotApplication",
  "AWS::RoboMaker::RobotApplicationVersion": "aws-cdk-lib/aws-robomaker.CfnRobotApplicationVersion",
  "AWS::RoboMaker::SimulationApplication": "aws-cdk-lib/aws-robomaker.CfnSimulationApplication",
  "AWS::RoboMaker::SimulationApplicationVersion": "aws-cdk-lib/aws-robomaker.CfnSimulationApplicationVersion",
  "AWS::Route53::DNSSEC": "aws-cdk-lib/aws-route53.CfnDNSSEC",
  "AWS::Route53::HealthCheck": "aws-cdk-lib/aws-route53.CfnHealthCheck",
  "AWS::Route53::HostedZone": "aws-cdk-lib/aws-route53.CfnHostedZone",
  "AWS::Route53::KeySigningKey": "aws-cdk-lib/aws-route53.CfnKeySigningKey",
  "AWS::Route53::RecordSet": "aws-cdk-lib/aws-route53.CfnRecordSet",
  "AWS::Route53::RecordSetGroup": "aws-cdk-lib/aws-route53.CfnRecordSetGroup",
  "AWS::Route53RecoveryControl::Cluster": "aws-cdk-lib/aws-route53recoverycontrol.CfnCluster",
  "AWS::Route53RecoveryControl::ControlPanel": "aws-cdk-lib/aws-route53recoverycontrol.CfnControlPanel",
  "AWS::Route53RecoveryControl::RoutingControl": "aws-cdk-lib/aws-route53recoverycontrol.CfnRoutingControl",
  "AWS::Route53RecoveryControl::SafetyRule": "aws-cdk-lib/aws-route53recoverycontrol.CfnSafetyRule",
  "AWS::Route53RecoveryReadiness::Cell": "aws-cdk-lib/aws-route53recoveryreadiness.CfnCell",
  "AWS::Route53RecoveryReadiness::ReadinessCheck": "aws-cdk-lib/aws-route53recoveryreadiness.CfnReadinessCheck",
  "AWS::Route53RecoveryReadiness::RecoveryGroup": "aws-cdk-lib/aws-route53recoveryreadiness.CfnRecoveryGroup",
  "AWS::Route53RecoveryReadiness::ResourceSet": "aws-cdk-lib/aws-route53recoveryreadiness.CfnResourceSet",
  "AWS::Route53Resolver::FirewallDomainList": "aws-cdk-lib/aws-route53resolver.CfnFirewallDomainList",
  "AWS::Route53Resolver::FirewallRuleGroup": "aws-cdk-lib/aws-route53resolver.CfnFirewallRuleGroup",
  "AWS::Route53Resolver::FirewallRuleGroupAssociation": "aws-cdk-lib/aws-route53resolver.CfnFirewallRuleGroupAssociation",
  "AWS::Route53Resolver::ResolverConfig": "aws-cdk-lib/aws-route53resolver.CfnResolverConfig",
  "AWS::Route53Resolver::ResolverDNSSECConfig": "aws-cdk-lib/aws-route53resolver.CfnResolverDNSSECConfig",
  "AWS::Route53Resolver::ResolverEndpoint": "aws-cdk-lib/aws-route53resolver.CfnResolverEndpoint",
  "AWS::Route53Resolver::ResolverQueryLoggingConfig": "aws-cdk-lib/aws-route53resolver.CfnResolverQueryLoggingConfig",
  "AWS::Route53Resolver::ResolverQueryLoggingConfigAssociation": "aws-cdk-lib/aws-route53resolver.CfnResolverQueryLoggingConfigAssociation",
  "AWS::Route53Resolver::ResolverRule": "aws-cdk-lib/aws-route53resolver.CfnResolverRule",
  "AWS::Route53Resolver::ResolverRuleAssociation": "aws-cdk-lib/aws-route53resolver.CfnResolverRuleAssociation",
  "AWS::RUM::AppMonitor": "aws-cdk-lib/aws-rum.CfnAppMonitor",
  "AWS::S3::AccessPoint": "aws-cdk-lib/aws-s3.CfnAccessPoint",
  "AWS::S3::Bucket": "aws-cdk-lib/aws-s3.CfnBucket",
  "AWS::S3::BucketPolicy": "aws-cdk-lib/aws-s3.CfnBucketPolicy",
  "AWS::S3::MultiRegionAccessPoint": "aws-cdk-lib/aws-s3.CfnMultiRegionAccessPoint",
  "AWS::S3::MultiRegionAccessPointPolicy": "aws-cdk-lib/aws-s3.CfnMultiRegionAccessPointPolicy",
  "AWS::S3::StorageLens": "aws-cdk-lib/aws-s3.CfnStorageLens",
  "AWS::S3ObjectLambda::AccessPoint": "aws-cdk-lib/aws-s3objectlambda.CfnAccessPoint",
  "AWS::S3ObjectLambda::AccessPointPolicy": "aws-cdk-lib/aws-s3objectlambda.CfnAccessPointPolicy",
  "AWS::S3Outposts::AccessPoint": "aws-cdk-lib/aws-s3outposts.CfnAccessPoint",
  "AWS::S3Outposts::Bucket": "aws-cdk-lib/aws-s3outposts.CfnBucket",
  "AWS::S3Outposts::BucketPolicy": "aws-cdk-lib/aws-s3outposts.CfnBucketPolicy",
  "AWS::S3Outposts::Endpoint": "aws-cdk-lib/aws-s3outposts.CfnEndpoint",
  "AWS::SageMaker::App": "aws-cdk-lib/aws-sagemaker.CfnApp",
  "AWS::SageMaker::AppImageConfig": "aws-cdk-lib/aws-sagemaker.CfnAppImageConfig",
  "AWS::SageMaker::CodeRepository": "aws-cdk-lib/aws-sagemaker.CfnCodeRepository",
  "AWS::SageMaker::DataQualityJobDefinition": "aws-cdk-lib/aws-sagemaker.CfnDataQualityJobDefinition",
  "AWS::SageMaker::Device": "aws-cdk-lib/aws-sagemaker.CfnDevice",
  "AWS::SageMaker::DeviceFleet": "aws-cdk-lib/aws-sagemaker.CfnDeviceFleet",
  "AWS::SageMaker::Domain": "aws-cdk-lib/aws-sagemaker.CfnDomain",
  "AWS::SageMaker::Endpoint": "aws-cdk-lib/aws-sagemaker.CfnEndpoint",
  "AWS::SageMaker::EndpointConfig": "aws-cdk-lib/aws-sagemaker.CfnEndpointConfig",
  "AWS::SageMaker::FeatureGroup": "aws-cdk-lib/aws-sagemaker.CfnFeatureGroup",
  "AWS::SageMaker::Image": "aws-cdk-lib/aws-sagemaker.CfnImage",
  "AWS::SageMaker::ImageVersion": "aws-cdk-lib/aws-sagemaker.CfnImageVersion",
  "AWS::SageMaker::Model": "aws-cdk-lib/aws-sagemaker.CfnModel",
  "AWS::SageMaker::ModelBiasJobDefinition": "aws-cdk-lib/aws-sagemaker.CfnModelBiasJobDefinition",
  "AWS::SageMaker::ModelExplainabilityJobDefinition": "aws-cdk-lib/aws-sagemaker.CfnModelExplainabilityJobDefinition",
  "AWS::SageMaker::ModelPackageGroup": "aws-cdk-lib/aws-sagemaker.CfnModelPackageGroup",
  "AWS::SageMaker::ModelQualityJobDefinition": "aws-cdk-lib/aws-sagemaker.CfnModelQualityJobDefinition",
  "AWS::SageMaker::MonitoringSchedule": "aws-cdk-lib/aws-sagemaker.CfnMonitoringSchedule",
  "AWS::SageMaker::NotebookInstance": "aws-cdk-lib/aws-sagemaker.CfnNotebookInstance",
  "AWS::SageMaker::NotebookInstanceLifecycleConfig": "aws-cdk-lib/aws-sagemaker.CfnNotebookInstanceLifecycleConfig",
  "AWS::SageMaker::Pipeline": "aws-cdk-lib/aws-sagemaker.CfnPipeline",
  "AWS::SageMaker::Project": "aws-cdk-lib/aws-sagemaker.CfnProject",
  "AWS::SageMaker::UserProfile": "aws-cdk-lib/aws-sagemaker.CfnUserProfile",
  "AWS::SageMaker::Workteam": "aws-cdk-lib/aws-sagemaker.CfnWorkteam",
  "AWS::Serverless::Api": "aws-cdk-lib/aws-sam.CfnApi",
  "AWS::Serverless::Application": "aws-cdk-lib/aws-sam.CfnApplication",
  "AWS::Serverless::Function": "aws-cdk-lib/aws-sam.CfnFunction",
  "AWS::Serverless::HttpApi": "aws-cdk-lib/aws-sam.CfnHttpApi",
  "AWS::Serverless::LayerVersion": "aws-cdk-lib/aws-sam.CfnLayerVersion",
  "AWS::Serverless::SimpleTable": "aws-cdk-lib/aws-sam.CfnSimpleTable",
  "AWS::Serverless::StateMachine": "aws-cdk-lib/aws-sam.CfnStateMachine",
  "AWS::SDB::Domain": "aws-cdk-lib/aws-sdb.CfnDomain",
  "AWS::SecretsManager::ResourcePolicy": "aws-cdk-lib/aws-secretsmanager.CfnResourcePolicy",
  "AWS::SecretsManager::RotationSchedule": "aws-cdk-lib/aws-secretsmanager.CfnRotationSchedule",
  "AWS::SecretsManager::Secret": "aws-cdk-lib/aws-secretsmanager.CfnSecret",
  "AWS::SecretsManager::SecretTargetAttachment": "aws-cdk-lib/aws-secretsmanager.CfnSecretTargetAttachment",
  "AWS::SecurityHub::Hub": "aws-cdk-lib/aws-securityhub.CfnHub",
  "AWS::ServiceCatalog::AcceptedPortfolioShare": "aws-cdk-lib/aws-servicecatalog.CfnAcceptedPortfolioShare",
  "AWS::ServiceCatalog::CloudFormationProduct": "aws-cdk-lib/aws-servicecatalog.CfnCloudFormationProduct",
  "AWS::ServiceCatalog::CloudFormationProvisionedProduct": "aws-cdk-lib/aws-servicecatalog.CfnCloudFormationProvisionedProduct",
  "AWS::ServiceCatalog::LaunchNotificationConstraint": "aws-cdk-lib/aws-servicecatalog.CfnLaunchNotificationConstraint",
  "AWS::ServiceCatalog::LaunchRoleConstraint": "aws-cdk-lib/aws-servicecatalog.CfnLaunchRoleConstraint",
  "AWS::ServiceCatalog::LaunchTemplateConstraint": "aws-cdk-lib/aws-servicecatalog.CfnLaunchTemplateConstraint",
  "AWS::ServiceCatalog::Portfolio": "aws-cdk-lib/aws-servicecatalog.CfnPortfolio",
  "AWS::ServiceCatalog::PortfolioPrincipalAssociation": "aws-cdk-lib/aws-servicecatalog.CfnPortfolioPrincipalAssociation",
  "AWS::ServiceCatalog::PortfolioProductAssociation": "aws-cdk-lib/aws-servicecatalog.CfnPortfolioProductAssociation",
  "AWS::ServiceCatalog::PortfolioShare": "aws-cdk-lib/aws-servicecatalog.CfnPortfolioShare",
  "AWS::ServiceCatalog::ResourceUpdateConstraint": "aws-cdk-lib/aws-servicecatalog.CfnResourceUpdateConstraint",
  "AWS::ServiceCatalog::ServiceAction": "aws-cdk-lib/aws-servicecatalog.CfnServiceAction",
  "AWS::ServiceCatalog::ServiceActionAssociation": "aws-cdk-lib/aws-servicecatalog.CfnServiceActionAssociation",
  "AWS::ServiceCatalog::StackSetConstraint": "aws-cdk-lib/aws-servicecatalog.CfnStackSetConstraint",
  "AWS::ServiceCatalog::TagOption": "aws-cdk-lib/aws-servicecatalog.CfnTagOption",
  "AWS::ServiceCatalog::TagOptionAssociation": "aws-cdk-lib/aws-servicecatalog.CfnTagOptionAssociation",
  "AWS::ServiceCatalogAppRegistry::Application": "aws-cdk-lib/aws-servicecatalogappregistry.CfnApplication",
  "AWS::ServiceCatalogAppRegistry::AttributeGroup": "aws-cdk-lib/aws-servicecatalogappregistry.CfnAttributeGroup",
  "AWS::ServiceCatalogAppRegistry::AttributeGroupAssociation": "aws-cdk-lib/aws-servicecatalogappregistry.CfnAttributeGroupAssociation",
  "AWS::ServiceCatalogAppRegistry::ResourceAssociation": "aws-cdk-lib/aws-servicecatalogappregistry.CfnResourceAssociation",
  "AWS::ServiceDiscovery::HttpNamespace": "aws-cdk-lib/aws-servicediscovery.CfnHttpNamespace",
  "AWS::ServiceDiscovery::Instance": "aws-cdk-lib/aws-servicediscovery.CfnInstance",
  "AWS::ServiceDiscovery::PrivateDnsNamespace": "aws-cdk-lib/aws-servicediscovery.CfnPrivateDnsNamespace",
  "AWS::ServiceDiscovery::PublicDnsNamespace": "aws-cdk-lib/aws-servicediscovery.CfnPublicDnsNamespace",
  "AWS::ServiceDiscovery::Service": "aws-cdk-lib/aws-servicediscovery.CfnService",
  "AWS::SES::ConfigurationSet": "aws-cdk-lib/aws-ses.CfnConfigurationSet",
  "AWS::SES::ConfigurationSetEventDestination": "aws-cdk-lib/aws-ses.CfnConfigurationSetEventDestination",
  "AWS::SES::ContactList": "aws-cdk-lib/aws-ses.CfnContactList",
  "AWS::SES::ReceiptFilter": "aws-cdk-lib/aws-ses.CfnReceiptFilter",
  "AWS::SES::ReceiptRule": "aws-cdk-lib/aws-ses.CfnReceiptRule",
  "AWS::SES::ReceiptRuleSet": "aws-cdk-lib/aws-ses.CfnReceiptRuleSet",
  "AWS::SES::Template": "aws-cdk-lib/aws-ses.CfnTemplate",
  "AWS::Signer::ProfilePermission": "aws-cdk-lib/aws-signer.CfnProfilePermission",
  "AWS::Signer::SigningProfile": "aws-cdk-lib/aws-signer.CfnSigningProfile",
  "AWS::SNS::Subscription": "aws-cdk-lib/aws-sns.CfnSubscription",
  "AWS::SNS::Topic": "aws-cdk-lib/aws-sns.CfnTopic",
  "AWS::SNS::TopicPolicy": "aws-cdk-lib/aws-sns.CfnTopicPolicy",
  "AWS::SQS::Queue": "aws-cdk-lib/aws-sqs.CfnQueue",
  "AWS::SQS::QueuePolicy": "aws-cdk-lib/aws-sqs.CfnQueuePolicy",
  "AWS::SSM::Association": "aws-cdk-lib/aws-ssm.CfnAssociation",
  "AWS::SSM::Document": "aws-cdk-lib/aws-ssm.CfnDocument",
  "AWS::SSM::MaintenanceWindow": "aws-cdk-lib/aws-ssm.CfnMaintenanceWindow",
  "AWS::SSM::MaintenanceWindowTarget": "aws-cdk-lib/aws-ssm.CfnMaintenanceWindowTarget",
  "AWS::SSM::MaintenanceWindowTask": "aws-cdk-lib/aws-ssm.CfnMaintenanceWindowTask",
  "AWS::SSM::Parameter": "aws-cdk-lib/aws-ssm.CfnParameter",
  "AWS::SSM::PatchBaseline": "aws-cdk-lib/aws-ssm.CfnPatchBaseline",
  "AWS::SSM::ResourceDataSync": "aws-cdk-lib/aws-ssm.CfnResourceDataSync",
  "AWS::SSMContacts::Contact": "aws-cdk-lib/aws-ssmcontacts.CfnContact",
  "AWS::SSMContacts::ContactChannel": "aws-cdk-lib/aws-ssmcontacts.CfnContactChannel",
  "AWS::SSMIncidents::ReplicationSet": "aws-cdk-lib/aws-ssmincidents.CfnReplicationSet",
  "AWS::SSMIncidents::ResponsePlan": "aws-cdk-lib/aws-ssmincidents.CfnResponsePlan",
  "AWS::SSO::Assignment": "aws-cdk-lib/aws-sso.CfnAssignment",
  "AWS::SSO::InstanceAccessControlAttributeConfiguration": "aws-cdk-lib/aws-sso.CfnInstanceAccessControlAttributeConfiguration",
  "AWS::SSO::PermissionSet": "aws-cdk-lib/aws-sso.CfnPermissionSet",
  "AWS::StepFunctions::Activity": "aws-cdk-lib/aws-stepfunctions.CfnActivity",
  "AWS::StepFunctions::StateMachine": "aws-cdk-lib/aws-stepfunctions.CfnStateMachine",
  "AWS::Synthetics::Canary": "aws-cdk-lib/aws-synthetics.CfnCanary",
  "AWS::Timestream::Database": "aws-cdk-lib/aws-timestream.CfnDatabase",
  "AWS::Timestream::ScheduledQuery": "aws-cdk-lib/aws-timestream.CfnScheduledQuery",
  "AWS::Timestream::Table": "aws-cdk-lib/aws-timestream.CfnTable",
  "AWS::Transfer::Server": "aws-cdk-lib/aws-transfer.CfnServer",
  "AWS::Transfer::User": "aws-cdk-lib/aws-transfer.CfnUser",
  "AWS::Transfer::Workflow": "aws-cdk-lib/aws-transfer.CfnWorkflow",
  "AWS::VoiceID::Domain": "aws-cdk-lib/aws-voiceid.CfnDomain",
  "AWS::WAF::ByteMatchSet": "aws-cdk-lib/aws-waf.CfnByteMatchSet",
  "AWS::WAF::IPSet": "aws-cdk-lib/aws-waf.CfnIPSet",
  "AWS::WAF::Rule": "aws-cdk-lib/aws-waf.CfnRule",
  "AWS::WAF::SizeConstraintSet": "aws-cdk-lib/aws-waf.CfnSizeConstraintSet",
  "AWS::WAF::SqlInjectionMatchSet": "aws-cdk-lib/aws-waf.CfnSqlInjectionMatchSet",
  "AWS::WAF::WebACL": "aws-cdk-lib/aws-waf.CfnWebACL",
  "AWS::WAF::XssMatchSet": "aws-cdk-lib/aws-waf.CfnXssMatchSet",
  "AWS::WAFRegional::ByteMatchSet": "aws-cdk-lib/aws-wafregional.CfnByteMatchSet",
  "AWS::WAFRegional::GeoMatchSet": "aws-cdk-lib/aws-wafregional.CfnGeoMatchSet",
  "AWS::WAFRegional::IPSet": "aws-cdk-lib/aws-wafregional.CfnIPSet",
  "AWS::WAFRegional::RateBasedRule": "aws-cdk-lib/aws-wafregional.CfnRateBasedRule",
  "AWS::WAFRegional::RegexPatternSet": "aws-cdk-lib/aws-wafregional.CfnRegexPatternSet",
  "AWS::WAFRegional::Rule": "aws-cdk-lib/aws-wafregional.CfnRule",
  "AWS::WAFRegional::SizeConstraintSet": "aws-cdk-lib/aws-wafregional.CfnSizeConstraintSet",
  "AWS::WAFRegional::SqlInjectionMatchSet": "aws-cdk-lib/aws-wafregional.CfnSqlInjectionMatchSet",
  "AWS::WAFRegional::WebACL": "aws-cdk-lib/aws-wafregional.CfnWebACL",
  "AWS::WAFRegional::WebACLAssociation": "aws-cdk-lib/aws-wafregional.CfnWebACLAssociation",
  "AWS::WAFRegional::XssMatchSet": "aws-cdk-lib/aws-wafregional.CfnXssMatchSet",
  "AWS::WAFv2::IPSet": "aws-cdk-lib/aws-wafv2.CfnIPSet",
  "AWS::WAFv2::LoggingConfiguration": "aws-cdk-lib/aws-wafv2.CfnLoggingConfiguration",
  "AWS::WAFv2::RegexPatternSet": "aws-cdk-lib/aws-wafv2.CfnRegexPatternSet",
  "AWS::WAFv2::RuleGroup": "aws-cdk-lib/aws-wafv2.CfnRuleGroup",
  "AWS::WAFv2::WebACL": "aws-cdk-lib/aws-wafv2.CfnWebACL",
  "AWS::WAFv2::WebACLAssociation": "aws-cdk-lib/aws-wafv2.CfnWebACLAssociation",
  "AWS::Wisdom::Assistant": "aws-cdk-lib/aws-wisdom.CfnAssistant",
  "AWS::Wisdom::AssistantAssociation": "aws-cdk-lib/aws-wisdom.CfnAssistantAssociation",
  "AWS::Wisdom::KnowledgeBase": "aws-cdk-lib/aws-wisdom.CfnKnowledgeBase",
  "AWS::WorkSpaces::ConnectionAlias": "aws-cdk-lib/aws-workspaces.CfnConnectionAlias",
  "AWS::WorkSpaces::Workspace": "aws-cdk-lib/aws-workspaces.CfnWorkspace",
  "AWS::XRay::Group": "aws-cdk-lib/aws-xray.CfnGroup",
  "AWS::XRay::SamplingRule": "aws-cdk-lib/aws-xray.CfnSamplingRule",
  "AWS::CloudFormation::CustomResource": "aws-cdk-lib.CfnCustomResource",
  "AWS::CloudFormation::HookDefaultVersion": "aws-cdk-lib.CfnHookDefaultVersion",
  "AWS::CloudFormation::HookTypeConfig": "aws-cdk-lib.CfnHookTypeConfig",
  "AWS::CloudFormation::HookVersion": "aws-cdk-lib.CfnHookVersion",
  "AWS::CloudFormation::Macro": "aws-cdk-lib.CfnMacro",
  "AWS::CloudFormation::ModuleDefaultVersion": "aws-cdk-lib.CfnModuleDefaultVersion",
  "AWS::CloudFormation::ModuleVersion": "aws-cdk-lib.CfnModuleVersion",
  "AWS::CloudFormation::PublicTypeVersion": "aws-cdk-lib.CfnPublicTypeVersion",
  "AWS::CloudFormation::Publisher": "aws-cdk-lib.CfnPublisher",
  "AWS::CloudFormation::ResourceDefaultVersion": "aws-cdk-lib.CfnResourceDefaultVersion",
  "AWS::CloudFormation::ResourceVersion": "aws-cdk-lib.CfnResourceVersion",
  "AWS::CloudFormation::Stack": "aws-cdk-lib.CfnStack",
  "AWS::CloudFormation::StackSet": "aws-cdk-lib.CfnStackSet",
  "AWS::CloudFormation::TypeActivation": "aws-cdk-lib.CfnTypeActivation",
  "AWS::CloudFormation::WaitCondition": "aws-cdk-lib.CfnWaitCondition",
  "AWS::CloudFormation::WaitConditionHandle": "aws-cdk-lib.CfnWaitConditionHandle"
}
